timestamp,value
2022-05-20 00:00:00,393515.174
2022-05-20 00:00:01,0.0
2022-05-20 00:00:02,0.0
2022-05-20 00:00:03,0.0
2022-05-20 00:00:04,122880.0
2022-05-20 00:00:05,0.0
2022-05-20 00:00:06,0.0
2022-05-20 00:00:07,0.0
2022-05-20 00:00:08,0.0
2022-05-20 00:00:09,24576.0
2022-05-20 00:00:10,0.0
2022-05-20 00:00:11,0.0
2022-05-20 00:00:12,0.0
2022-05-20 00:00:13,0.0
2022-05-20 00:00:14,24576.0
2022-05-20 00:00:15,0.0
2022-05-20 00:00:16,0.0
2022-05-20 00:00:17,0.0
2022-05-20 00:00:18,0.0
2022-05-20 00:00:19,0.0
2022-05-20 00:00:20,24576.0
2022-05-20 00:00:21,0.0
2022-05-20 00:00:22,0.0
2022-05-20 00:00:23,0.0
2022-05-20 00:00:24,0.0
2022-05-20 00:00:25,24576.0
2022-05-20 00:00:26,0.0
2022-05-20 00:00:27,0.0
2022-05-20 00:00:28,0.0
2022-05-20 00:00:29,0.0
2022-05-20 00:00:30,24576.0
2022-05-20 00:00:31,0.0
2022-05-20 00:00:32,0.0
2022-05-20 00:00:33,0.0
2022-05-20 00:00:34,114688.0
2022-05-20 00:00:35,40960.0
2022-05-20 00:00:36,0.0
2022-05-20 00:00:37,0.0
2022-05-20 00:00:38,0.0
2022-05-20 00:00:39,0.0
2022-05-20 00:00:40,24576.0
2022-05-20 00:00:41,0.0
2022-05-20 00:00:42,0.0
2022-05-20 00:00:43,0.0
2022-05-20 00:00:44,0.0
2022-05-20 00:00:45,24576.0
2022-05-20 00:00:46,0.0
2022-05-20 00:00:47,0.0
2022-05-20 00:00:48,0.0
2022-05-20 00:00:49,0.0
2022-05-20 00:00:50,24576.0
2022-05-20 00:00:51,0.0
2022-05-20 00:00:52,0.0
2022-05-20 00:00:53,0.0
2022-05-20 00:00:54,0.0
2022-05-20 00:00:55,24576.0
2022-05-20 00:00:56,0.0
2022-05-20 00:00:57,0.0
2022-05-20 00:00:58,0.0
2022-05-20 00:00:59,0.0
2022-05-20 00:01:00,24576.0
2022-05-20 00:01:01,0.0
2022-05-20 00:01:02,0.0
2022-05-20 00:01:03,0.0
2022-05-20 00:01:04,0.0
2022-05-20 00:01:05,16384.0
2022-05-20 00:01:06,40960.0
2022-05-20 00:01:07,0.0
2022-05-20 00:01:08,0.0
2022-05-20 00:01:09,0.0
2022-05-20 00:01:10,0.0
2022-05-20 00:01:11,24576.0
2022-05-20 00:01:12,0.0
2022-05-20 00:01:13,0.0
2022-05-20 00:01:14,0.0
2022-05-20 00:01:15,0.0
2022-05-20 00:01:16,24576.0
2022-05-20 00:01:17,0.0
2022-05-20 00:01:18,0.0
2022-05-20 00:01:19,0.0
2022-05-20 00:01:20,0.0
2022-05-20 00:01:21,24576.0
2022-05-20 00:01:22,0.0
2022-05-20 00:01:23,0.0
2022-05-20 00:01:24,0.0
2022-05-20 00:01:25,0.0
2022-05-20 00:01:26,24576.0
2022-05-20 00:01:27,0.0
2022-05-20 00:01:28,0.0
2022-05-20 00:01:29,0.0
2022-05-20 00:01:30,0.0
2022-05-20 00:01:31,24576.0
2022-05-20 00:01:32,0.0
2022-05-20 00:01:33,0.0
2022-05-20 00:01:34,0.0
2022-05-20 00:01:35,0.0
2022-05-20 00:01:36,40960.0
2022-05-20 00:01:37,0.0
2022-05-20 00:01:38,0.0
2022-05-20 00:01:39,0.0
2022-05-20 00:01:40,0.0
2022-05-20 00:01:41,0.0
2022-05-20 00:01:42,40960.0
2022-05-20 00:01:43,0.0
2022-05-20 00:01:44,0.0
2022-05-20 00:01:45,0.0
2022-05-20 00:01:46,0.0
2022-05-20 00:01:47,24576.0
2022-05-20 00:01:48,0.0
2022-05-20 00:01:49,0.0
2022-05-20 00:01:50,0.0
2022-05-20 00:01:51,0.0
2022-05-20 00:01:52,24576.0
2022-05-20 00:01:53,0.0
2022-05-20 00:01:54,0.0
2022-05-20 00:01:55,0.0
2022-05-20 00:01:56,0.0
2022-05-20 00:01:57,24576.0
2022-05-20 00:01:58,0.0
2022-05-20 00:01:59,0.0
2022-05-20 00:02:00,0.0
2022-05-20 00:02:01,0.0
2022-05-20 00:02:02,24576.0
2022-05-20 00:02:03,0.0
2022-05-20 00:02:04,0.0
2022-05-20 00:02:05,0.0
2022-05-20 00:02:06,0.0
2022-05-20 00:02:07,16384.0
2022-05-20 00:02:08,40960.0
2022-05-20 00:02:09,0.0
2022-05-20 00:02:10,0.0
2022-05-20 00:02:11,0.0
2022-05-20 00:02:12,16384.0
2022-05-20 00:02:13,24576.0
2022-05-20 00:02:14,0.0
2022-05-20 00:02:15,0.0
2022-05-20 00:02:16,0.0
2022-05-20 00:02:17,0.0
2022-05-20 00:02:18,0.0
2022-05-20 00:02:19,24576.0
2022-05-20 00:02:20,0.0
2022-05-20 00:02:21,0.0
2022-05-20 00:02:22,0.0
2022-05-20 00:02:23,0.0
2022-05-20 00:02:24,24576.0
2022-05-20 00:02:25,0.0
2022-05-20 00:02:26,0.0
2022-05-20 00:02:27,0.0
2022-05-20 00:02:28,0.0
2022-05-20 00:02:29,24576.0
2022-05-20 00:02:30,0.0
2022-05-20 00:02:31,0.0
2022-05-20 00:02:32,0.0
2022-05-20 00:02:33,0.0
2022-05-20 00:02:34,24576.0
2022-05-20 00:02:35,0.0
2022-05-20 00:02:36,0.0
2022-05-20 00:02:37,0.0
2022-05-20 00:02:38,16384.0
2022-05-20 00:02:39,40960.0
2022-05-20 00:02:40,0.0
2022-05-20 00:02:41,0.0
2022-05-20 00:02:42,0.0
2022-05-20 00:02:43,16384.0
2022-05-20 00:02:44,24576.0
2022-05-20 00:02:45,0.0
2022-05-20 00:02:46,0.0
2022-05-20 00:02:47,0.0
2022-05-20 00:02:48,0.0
2022-05-20 00:02:49,24576.0
2022-05-20 00:02:50,0.0
2022-05-20 00:02:51,0.0
2022-05-20 00:02:52,0.0
2022-05-20 00:02:53,0.0
2022-05-20 00:02:54,24576.0
2022-05-20 00:02:55,0.0
2022-05-20 00:02:56,0.0
2022-05-20 00:02:57,0.0
2022-05-20 00:02:58,0.0
2022-05-20 00:02:59,24576.0
2022-05-20 00:03:00,0.0
2022-05-20 00:03:01,0.0
2022-05-20 00:03:02,0.0
2022-05-20 00:03:03,0.0
2022-05-20 00:03:04,73728.0
2022-05-20 00:03:05,0.0
2022-05-20 00:03:06,0.0
2022-05-20 00:03:07,0.0
2022-05-20 00:03:08,0.0
2022-05-20 00:03:09,8192.0
2022-05-20 00:03:10,24576.0
2022-05-20 00:03:11,0.0
2022-05-20 00:03:12,0.0
2022-05-20 00:03:13,0.0
2022-05-20 00:03:14,0.0
2022-05-20 00:03:15,0.0
2022-05-20 00:03:16,147456.0
2022-05-20 00:03:17,0.0
2022-05-20 00:03:18,0.0
2022-05-20 00:03:19,0.0
2022-05-20 00:03:20,0.0
2022-05-20 00:03:21,0.0
2022-05-20 00:03:22,24576.0
2022-05-20 00:03:23,0.0
2022-05-20 00:03:24,0.0
2022-05-20 00:03:25,0.0
2022-05-20 00:03:26,0.0
2022-05-20 00:03:27,24576.0
2022-05-20 00:03:28,0.0
2022-05-20 00:03:29,0.0
2022-05-20 00:03:30,0.0
2022-05-20 00:03:31,0.0
2022-05-20 00:03:32,0.0
2022-05-20 00:03:33,24576.0
2022-05-20 00:03:34,155648.0
2022-05-20 00:03:35,0.0
2022-05-20 00:03:36,0.0
2022-05-20 00:03:37,0.0
2022-05-20 00:03:38,24576.0
2022-05-20 00:03:39,0.0
2022-05-20 00:03:40,0.0
2022-05-20 00:03:41,0.0
2022-05-20 00:03:42,0.0
2022-05-20 00:03:43,24576.0
2022-05-20 00:03:44,32768.0
2022-05-20 00:03:45,0.0
2022-05-20 00:03:46,0.0
2022-05-20 00:03:47,0.0
2022-05-20 00:03:48,40960.0
2022-05-20 00:03:49,0.0
2022-05-20 00:03:50,0.0
2022-05-20 00:03:51,0.0
2022-05-20 00:03:52,0.0
2022-05-20 00:03:53,0.0
2022-05-20 00:03:54,24576.0
2022-05-20 00:03:55,0.0
2022-05-20 00:03:56,0.0
2022-05-20 00:03:57,0.0
2022-05-20 00:03:58,0.0
2022-05-20 00:03:59,0.0
2022-05-20 00:04:00,24576.0
2022-05-20 00:04:01,0.0
2022-05-20 00:04:02,0.0
2022-05-20 00:04:03,0.0
2022-05-20 00:04:04,0.0
2022-05-20 00:04:05,0.0
2022-05-20 00:04:06,122880.0
2022-05-20 00:04:07,110592.0
2022-05-20 00:04:08,0.0
2022-05-20 00:04:09,0.0
2022-05-20 00:04:10,0.0
2022-05-20 00:04:11,208896.0
2022-05-20 00:04:12,0.0
2022-05-20 00:04:13,0.0
2022-05-20 00:04:14,0.0
2022-05-20 00:04:15,16384.0
2022-05-20 00:04:16,0.0
2022-05-20 00:04:17,40960.0
2022-05-20 00:04:18,0.0
2022-05-20 00:04:19,0.0
2022-05-20 00:04:20,114688.0
2022-05-20 00:04:21,0.0
2022-05-20 00:04:22,0.0
2022-05-20 00:04:23,24576.0
2022-05-20 00:04:24,0.0
2022-05-20 00:04:25,0.0
2022-05-20 00:04:26,0.0
2022-05-20 00:04:27,0.0
2022-05-20 00:04:28,0.0
2022-05-20 00:04:29,24576.0
2022-05-20 00:04:30,0.0
2022-05-20 00:04:31,0.0
2022-05-20 00:04:32,0.0
2022-05-20 00:04:33,0.0
2022-05-20 00:04:34,24576.0
2022-05-20 00:04:35,0.0
2022-05-20 00:04:36,0.0
2022-05-20 00:04:37,0.0
2022-05-20 00:04:38,0.0
2022-05-20 00:04:39,0.0
2022-05-20 00:04:40,24576.0
2022-05-20 00:04:41,0.0
2022-05-20 00:04:42,0.0
2022-05-20 00:04:43,0.0
2022-05-20 00:04:44,0.0
2022-05-20 00:04:45,24576.0
2022-05-20 00:04:46,16384.0
2022-05-20 00:04:47,0.0
2022-05-20 00:04:48,0.0
2022-05-20 00:04:49,0.0
2022-05-20 00:04:50,0.0
2022-05-20 00:04:51,40960.0
2022-05-20 00:04:52,0.0
2022-05-20 00:04:53,0.0
2022-05-20 00:04:54,0.0
2022-05-20 00:04:55,0.0
2022-05-20 00:04:56,16384.0
2022-05-20 00:04:57,24576.0
2022-05-20 00:04:58,0.0
2022-05-20 00:04:59,0.0
2022-05-20 00:05:00,0.0
2022-05-20 00:05:01,0.0
2022-05-20 00:05:02,0.0
2022-05-20 00:05:03,24576.0
2022-05-20 00:05:04,0.0
2022-05-20 00:05:05,0.0
2022-05-20 00:05:06,0.0
2022-05-20 00:05:07,0.0
2022-05-20 00:05:08,24576.0
2022-05-20 00:05:09,0.0
2022-05-20 00:05:10,0.0
2022-05-20 00:05:11,0.0
2022-05-20 00:05:12,0.0
2022-05-20 00:05:13,24576.0
2022-05-20 00:05:14,0.0
2022-05-20 00:05:15,0.0
2022-05-20 00:05:16,0.0
2022-05-20 00:05:17,8192.0
2022-05-20 00:05:18,0.0
2022-05-20 00:05:19,24576.0
2022-05-20 00:05:20,0.0
2022-05-20 00:05:21,0.0
2022-05-20 00:05:22,0.0
2022-05-20 00:05:23,0.0
2022-05-20 00:05:24,57344.0
2022-05-20 00:05:25,0.0
2022-05-20 00:05:26,0.0
2022-05-20 00:05:27,0.0
2022-05-20 00:05:28,0.0
2022-05-20 00:05:29,61440.0
2022-05-20 00:05:30,0.0
2022-05-20 00:05:31,0.0
2022-05-20 00:05:32,0.0
2022-05-20 00:05:33,0.0
2022-05-20 00:05:34,20480.0
2022-05-20 00:05:35,24576.0
2022-05-20 00:05:36,0.0
2022-05-20 00:05:37,0.0
2022-05-20 00:05:38,0.0
2022-05-20 00:05:39,0.0
2022-05-20 00:05:40,24576.0
2022-05-20 00:05:41,0.0
2022-05-20 00:05:42,0.0
2022-05-20 00:05:43,0.0
2022-05-20 00:05:44,0.0
2022-05-20 00:05:45,24576.0
2022-05-20 00:05:46,0.0
2022-05-20 00:05:47,0.0
2022-05-20 00:05:48,0.0
2022-05-20 00:05:49,0.0
2022-05-20 00:05:50,24576.0
2022-05-20 00:05:51,0.0
2022-05-20 00:05:52,16384.0
2022-05-20 00:05:53,0.0
2022-05-20 00:05:54,0.0
2022-05-20 00:05:55,0.0
2022-05-20 00:05:56,40960.0
2022-05-20 00:05:57,0.0
2022-05-20 00:05:58,0.0
2022-05-20 00:05:59,0.0
2022-05-20 00:06:00,0.0
2022-05-20 00:06:01,24576.0
2022-05-20 00:06:02,0.0
2022-05-20 00:06:03,16384.0
2022-05-20 00:06:04,0.0
2022-05-20 00:06:05,0.0
2022-05-20 00:06:06,24576.0
2022-05-20 00:06:07,0.0
2022-05-20 00:06:08,0.0
2022-05-20 00:06:09,0.0
2022-05-20 00:06:10,28672.0
2022-05-20 00:06:11,24576.0
2022-05-20 00:06:12,0.0
2022-05-20 00:06:13,0.0
2022-05-20 00:06:14,0.0
2022-05-20 00:06:15,20480.0
2022-05-20 00:06:16,0.0
2022-05-20 00:06:17,24576.0
2022-05-20 00:06:18,0.0
2022-05-20 00:06:19,0.0
2022-05-20 00:06:20,0.0
2022-05-20 00:06:21,0.0
2022-05-20 00:06:22,24576.0
2022-05-20 00:06:23,16384.0
2022-05-20 00:06:24,0.0
2022-05-20 00:06:25,0.0
2022-05-20 00:06:26,0.0
2022-05-20 00:06:27,40960.0
2022-05-20 00:06:28,0.0
2022-05-20 00:06:29,0.0
2022-05-20 00:06:30,0.0
2022-05-20 00:06:31,0.0
2022-05-20 00:06:32,24576.0
2022-05-20 00:06:33,0.0
2022-05-20 00:06:34,0.0
2022-05-20 00:06:35,0.0
2022-05-20 00:06:36,0.0
2022-05-20 00:06:37,32768.0
2022-05-20 00:06:38,0.0
2022-05-20 00:06:39,0.0
2022-05-20 00:06:40,0.0
2022-05-20 00:06:41,0.0
2022-05-20 00:06:42,0.0
2022-05-20 00:06:43,24576.0
2022-05-20 00:06:44,24576.0
2022-05-20 00:06:45,0.0
2022-05-20 00:06:46,0.0
2022-05-20 00:06:47,0.0
2022-05-20 00:06:48,24576.0
2022-05-20 00:06:49,0.0
2022-05-20 00:06:50,0.0
2022-05-20 00:06:51,0.0
2022-05-20 00:06:52,0.0
2022-05-20 00:06:53,0.0
2022-05-20 00:06:54,40960.0
2022-05-20 00:06:55,0.0
2022-05-20 00:06:56,0.0
2022-05-20 00:06:57,0.0
2022-05-20 00:06:58,0.0
2022-05-20 00:06:59,40960.0
2022-05-20 00:07:00,0.0
2022-05-20 00:07:01,0.0
2022-05-20 00:07:02,0.0
2022-05-20 00:07:03,0.0
2022-05-20 00:07:04,40960.0
2022-05-20 00:07:05,0.0
2022-05-20 00:07:06,0.0
2022-05-20 00:07:07,0.0
2022-05-20 00:07:08,0.0
2022-05-20 00:07:09,57344.0
2022-05-20 00:07:10,0.0
2022-05-20 00:07:11,0.0
2022-05-20 00:07:12,0.0
2022-05-20 00:07:13,0.0
2022-05-20 00:07:14,24576.0
2022-05-20 00:07:15,0.0
2022-05-20 00:07:16,0.0
2022-05-20 00:07:17,0.0
2022-05-20 00:07:18,0.0
2022-05-20 00:07:19,32768.0
2022-05-20 00:07:20,24576.0
2022-05-20 00:07:21,0.0
2022-05-20 00:07:22,0.0
2022-05-20 00:07:23,0.0
2022-05-20 00:07:24,0.0
2022-05-20 00:07:25,40960.0
2022-05-20 00:07:26,0.0
2022-05-20 00:07:27,0.0
2022-05-20 00:07:28,0.0
2022-05-20 00:07:29,0.0
2022-05-20 00:07:30,40960.0
2022-05-20 00:07:31,0.0
2022-05-20 00:07:32,0.0
2022-05-20 00:07:33,0.0
2022-05-20 00:07:34,0.0
2022-05-20 00:07:35,24576.0
2022-05-20 00:07:36,0.0
2022-05-20 00:07:37,0.0
2022-05-20 00:07:38,0.0
2022-05-20 00:07:39,0.0
2022-05-20 00:07:40,24576.0
2022-05-20 00:07:41,0.0
2022-05-20 00:07:42,0.0
2022-05-20 00:07:43,0.0
2022-05-20 00:07:44,0.0
2022-05-20 00:07:45,0.0
2022-05-20 00:07:46,24576.0
2022-05-20 00:07:47,0.0
2022-05-20 00:07:48,0.0
2022-05-20 00:07:49,0.0
2022-05-20 00:07:50,0.0
2022-05-20 00:07:51,24576.0
2022-05-20 00:07:52,0.0
2022-05-20 00:07:53,0.0
2022-05-20 00:07:54,0.0
2022-05-20 00:07:55,0.0
2022-05-20 00:07:56,32768.0
2022-05-20 00:07:57,0.0
2022-05-20 00:07:58,0.0
2022-05-20 00:07:59,0.0
2022-05-20 00:08:00,0.0
2022-05-20 00:08:01,40960.0
2022-05-20 00:08:02,0.0
2022-05-20 00:08:03,0.0
2022-05-20 00:08:04,0.0
2022-05-20 00:08:05,0.0
2022-05-20 00:08:06,24576.0
2022-05-20 00:08:07,0.0
2022-05-20 00:08:08,0.0
2022-05-20 00:08:09,0.0
2022-05-20 00:08:10,0.0
2022-05-20 00:08:11,0.0
2022-05-20 00:08:12,24576.0
2022-05-20 00:08:13,0.0
2022-05-20 00:08:14,0.0
2022-05-20 00:08:15,0.0
2022-05-20 00:08:16,0.0
2022-05-20 00:08:17,0.0
2022-05-20 00:08:18,24576.0
2022-05-20 00:08:19,0.0
2022-05-20 00:08:20,0.0
2022-05-20 00:08:21,0.0
2022-05-20 00:08:22,0.0
2022-05-20 00:08:23,24576.0
2022-05-20 00:08:24,0.0
2022-05-20 00:08:25,0.0
2022-05-20 00:08:26,0.0
2022-05-20 00:08:27,16384.0
2022-05-20 00:08:28,40960.0
2022-05-20 00:08:29,0.0
2022-05-20 00:08:30,0.0
2022-05-20 00:08:31,0.0
2022-05-20 00:08:32,0.0
2022-05-20 00:08:33,0.0
2022-05-20 00:08:34,24576.0
2022-05-20 00:08:35,0.0
2022-05-20 00:08:36,0.0
2022-05-20 00:08:37,16384.0
2022-05-20 00:08:38,0.0
2022-05-20 00:08:39,24576.0
2022-05-20 00:08:40,40960.0
2022-05-20 00:08:41,0.0
2022-05-20 00:08:42,0.0
2022-05-20 00:08:43,0.0
2022-05-20 00:08:44,24576.0
2022-05-20 00:08:45,45056.0
2022-05-20 00:08:46,0.0
2022-05-20 00:08:47,0.0
2022-05-20 00:08:48,0.0
2022-05-20 00:08:49,0.0
2022-05-20 00:08:50,45056.0
2022-05-20 00:08:51,0.0
2022-05-20 00:08:52,0.0
2022-05-20 00:08:53,0.0
2022-05-20 00:08:54,0.0
2022-05-20 00:08:55,0.0
2022-05-20 00:08:56,24576.0
2022-05-20 00:08:57,0.0
2022-05-20 00:08:58,16384.0
2022-05-20 00:08:59,0.0
2022-05-20 00:09:00,0.0
2022-05-20 00:09:01,0.0
2022-05-20 00:09:02,40960.0
2022-05-20 00:09:03,0.0
2022-05-20 00:09:04,0.0
2022-05-20 00:09:05,0.0
2022-05-20 00:09:06,0.0
2022-05-20 00:09:07,24576.0
2022-05-20 00:09:08,0.0
2022-05-20 00:09:09,0.0
2022-05-20 00:09:10,0.0
2022-05-20 00:09:11,0.0
2022-05-20 00:09:12,24576.0
2022-05-20 00:09:13,0.0
2022-05-20 00:09:14,0.0
2022-05-20 00:09:15,0.0
2022-05-20 00:09:16,0.0
2022-05-20 00:09:17,0.0
2022-05-20 00:09:18,40960.0
2022-05-20 00:09:19,40960.0
2022-05-20 00:09:20,0.0
2022-05-20 00:09:21,24576.0
2022-05-20 00:09:22,0.0
2022-05-20 00:09:23,24576.0
2022-05-20 00:09:24,49152.0
2022-05-20 00:09:25,0.0
2022-05-20 00:09:26,0.0
2022-05-20 00:09:27,0.0
2022-05-20 00:09:28,0.0
2022-05-20 00:09:29,24576.0
2022-05-20 00:09:30,0.0
2022-05-20 00:09:31,1982464.0
2022-05-20 00:09:32,253952.0
2022-05-20 00:09:33,49152.0
2022-05-20 00:09:34,81920.0
2022-05-20 00:09:35,0.0
2022-05-20 00:09:36,16384.0
2022-05-20 00:09:37,0.0
2022-05-20 00:09:38,0.0
2022-05-20 00:09:39,0.0
2022-05-20 00:09:40,2007040.0
2022-05-20 00:09:41,1036288.0
2022-05-20 00:09:42,24576.0
2022-05-20 00:09:43,290816.0
2022-05-20 00:09:44,0.0
2022-05-20 00:09:45,8097792.0
2022-05-20 00:09:46,26009600.0
2022-05-20 00:09:47,21368832.0
2022-05-20 00:09:48,39256064.0
2022-05-20 00:09:49,34050048.0
2022-05-20 00:09:50,65818624.0
2022-05-20 00:09:51,76095488.0
2022-05-20 00:09:52,27074560.0
2022-05-20 00:09:53,36864.0
2022-05-20 00:09:54,19484672.0
2022-05-20 00:09:55,11730944.0
2022-05-20 00:09:56,0.0
2022-05-20 00:09:57,40960.0
2022-05-20 00:09:58,1351680.0
2022-05-20 00:09:59,2117632.0
2022-05-20 00:10:00,0.0
2022-05-20 00:10:01,0.0
2022-05-20 00:10:02,16384.0
2022-05-20 00:10:03,45056.0
2022-05-20 00:10:04,0.0
2022-05-20 00:10:05,0.0
2022-05-20 00:10:06,1581056.0
2022-05-20 00:10:07,0.0
2022-05-20 00:10:08,20480.0
2022-05-20 00:10:09,45056.0
2022-05-20 00:10:10,0.0
2022-05-20 00:10:11,0.0
2022-05-20 00:10:12,0.0
2022-05-20 00:10:13,16384.0
2022-05-20 00:10:14,20480.0
2022-05-20 00:10:15,794624.0
2022-05-20 00:10:16,16384.0
2022-05-20 00:10:17,0.0
2022-05-20 00:10:18,16384.0
2022-05-20 00:10:19,20480.0
2022-05-20 00:10:20,49152.0
2022-05-20 00:10:21,823296.0
2022-05-20 00:10:22,0.0
2022-05-20 00:10:23,20480.0
2022-05-20 00:10:24,20480.0
2022-05-20 00:10:25,0.0
2022-05-20 00:10:26,49152.0
2022-05-20 00:10:27,0.0
2022-05-20 00:10:28,16384.0
2022-05-20 00:10:29,20480.0
2022-05-20 00:10:30,0.0
2022-05-20 00:10:31,24576.0
2022-05-20 00:10:32,0.0
2022-05-20 00:10:33,20480.0
2022-05-20 00:10:34,20480.0
2022-05-20 00:10:35,0.0
2022-05-20 00:10:36,98304.0
2022-05-20 00:10:37,0.0
2022-05-20 00:10:38,0.0
2022-05-20 00:10:39,16384.0
2022-05-20 00:10:40,20480.0
2022-05-20 00:10:41,24576.0
2022-05-20 00:10:42,0.0
2022-05-20 00:10:43,0.0
2022-05-20 00:10:44,20480.0
2022-05-20 00:10:45,20480.0
2022-05-20 00:10:46,24576.0
2022-05-20 00:10:47,16384.0
2022-05-20 00:10:48,0.0
2022-05-20 00:10:49,16384.0
2022-05-20 00:10:50,20480.0
2022-05-20 00:10:51,0.0
2022-05-20 00:10:52,90112.0
2022-05-20 00:10:53,0.0
2022-05-20 00:10:54,20480.0
2022-05-20 00:10:55,20480.0
2022-05-20 00:10:56,0.0
2022-05-20 00:10:57,0.0
2022-05-20 00:10:58,24576.0
2022-05-20 00:10:59,0.0
2022-05-20 00:11:00,16384.0
2022-05-20 00:11:01,20480.0
2022-05-20 00:11:02,0.0
2022-05-20 00:11:03,0.0
2022-05-20 00:11:04,24576.0
2022-05-20 00:11:05,0.0
2022-05-20 00:11:06,12288.0
2022-05-20 00:11:07,2260992.0
2022-05-20 00:11:08,0.0
2022-05-20 00:11:09,24576.0
2022-05-20 00:11:10,0.0
2022-05-20 00:11:11,12288.0
2022-05-20 00:11:12,0.0
2022-05-20 00:11:13,0.0
2022-05-20 00:11:14,24576.0
2022-05-20 00:11:15,0.0
2022-05-20 00:11:16,12288.0
2022-05-20 00:11:17,0.0
2022-05-20 00:11:18,16384.0
2022-05-20 00:11:19,0.0
2022-05-20 00:11:20,49152.0
2022-05-20 00:11:21,12288.0
2022-05-20 00:11:22,0.0
2022-05-20 00:11:23,0.0
2022-05-20 00:11:24,0.0
2022-05-20 00:11:25,0.0
2022-05-20 00:11:26,36864.0
2022-05-20 00:11:27,1908736.0
2022-05-20 00:11:28,24576.0
2022-05-20 00:11:29,0.0
2022-05-20 00:11:30,0.0
2022-05-20 00:11:31,90112.0
2022-05-20 00:11:32,45056.0
2022-05-20 00:11:33,0.0
2022-05-20 00:11:34,0.0
2022-05-20 00:11:35,0.0
2022-05-20 00:11:36,0.0
2022-05-20 00:11:37,12288.0
2022-05-20 00:11:38,24576.0
2022-05-20 00:11:39,0.0
2022-05-20 00:11:40,0.0
2022-05-20 00:11:41,0.0
2022-05-20 00:11:42,12288.0
2022-05-20 00:11:43,24576.0
2022-05-20 00:11:44,0.0
2022-05-20 00:11:45,0.0
2022-05-20 00:11:46,0.0
2022-05-20 00:11:47,12288.0
2022-05-20 00:11:48,24576.0
2022-05-20 00:11:49,0.0
2022-05-20 00:11:50,0.0
2022-05-20 00:11:51,0.0
2022-05-20 00:11:52,12288.0
2022-05-20 00:11:53,0.0
2022-05-20 00:11:54,65536.0
2022-05-20 00:11:55,0.0
2022-05-20 00:11:56,0.0
2022-05-20 00:11:57,12288.0
2022-05-20 00:11:58,0.0
2022-05-20 00:11:59,0.0
2022-05-20 00:12:00,24576.0
2022-05-20 00:12:01,0.0
2022-05-20 00:12:02,98304.0
2022-05-20 00:12:03,0.0
2022-05-20 00:12:04,24576.0
2022-05-20 00:12:05,0.0
2022-05-20 00:12:06,24576.0
2022-05-20 00:12:07,20480.0
2022-05-20 00:12:08,0.0
2022-05-20 00:12:09,0.0
2022-05-20 00:12:10,0.0
2022-05-20 00:12:11,24576.0
2022-05-20 00:12:12,0.0
2022-05-20 00:12:13,12288.0
2022-05-20 00:12:14,0.0
2022-05-20 00:12:15,0.0
2022-05-20 00:12:16,0.0
2022-05-20 00:12:17,24576.0
2022-05-20 00:12:18,12288.0
2022-05-20 00:12:19,0.0
2022-05-20 00:12:20,0.0
2022-05-20 00:12:21,0.0
2022-05-20 00:12:22,0.0
2022-05-20 00:12:23,36864.0
2022-05-20 00:12:24,11026432.0
2022-05-20 00:12:25,0.0
2022-05-20 00:12:26,0.0
2022-05-20 00:12:27,0.0
2022-05-20 00:12:28,12288.0
2022-05-20 00:12:29,2166784.0
2022-05-20 00:12:30,0.0
2022-05-20 00:12:31,0.0
2022-05-20 00:12:32,86016.0
2022-05-20 00:12:33,20480.0
2022-05-20 00:12:34,0.0
2022-05-20 00:12:35,49152.0
2022-05-20 00:12:36,0.0
2022-05-20 00:12:37,8192.0
2022-05-20 00:12:38,12288.0
2022-05-20 00:12:39,1028096.0
2022-05-20 00:12:40,0.0
2022-05-20 00:12:41,24576.0
2022-05-20 00:12:42,0.0
2022-05-20 00:12:43,12288.0
2022-05-20 00:12:44,0.0
2022-05-20 00:12:45,49152.0
2022-05-20 00:12:46,0.0
2022-05-20 00:12:47,24576.0
2022-05-20 00:12:48,12288.0
2022-05-20 00:12:49,0.0
2022-05-20 00:12:50,0.0
2022-05-20 00:12:51,0.0
2022-05-20 00:12:52,0.0
2022-05-20 00:12:53,36864.0
2022-05-20 00:12:54,0.0
2022-05-20 00:12:55,16384.0
2022-05-20 00:12:56,0.0
2022-05-20 00:12:57,0.0
2022-05-20 00:12:58,12288.0
2022-05-20 00:12:59,24576.0
2022-05-20 00:13:00,16384.0
2022-05-20 00:13:01,0.0
2022-05-20 00:13:02,0.0
2022-05-20 00:13:03,90112.0
2022-05-20 00:13:04,20480.0
2022-05-20 00:13:05,98304.0
2022-05-20 00:13:06,0.0
2022-05-20 00:13:07,0.0
2022-05-20 00:13:08,0.0
2022-05-20 00:13:09,12288.0
2022-05-20 00:13:10,24576.0
2022-05-20 00:13:11,0.0
2022-05-20 00:13:12,0.0
2022-05-20 00:13:13,0.0
2022-05-20 00:13:14,12288.0
2022-05-20 00:13:15,0.0
2022-05-20 00:13:16,24576.0
2022-05-20 00:13:17,0.0
2022-05-20 00:13:18,8192.0
2022-05-20 00:13:19,12288.0
2022-05-20 00:13:20,0.0
2022-05-20 00:13:21,98304.0
2022-05-20 00:13:22,0.0
2022-05-20 00:13:23,0.0
2022-05-20 00:13:24,12288.0
2022-05-20 00:13:25,0.0
2022-05-20 00:13:26,24576.0
2022-05-20 00:13:27,0.0
2022-05-20 00:13:28,0.0
2022-05-20 00:13:29,12288.0
2022-05-20 00:13:30,0.0
2022-05-20 00:13:31,57344.0
2022-05-20 00:13:32,0.0
2022-05-20 00:13:33,0.0
2022-05-20 00:13:34,114688.0
2022-05-20 00:13:35,0.0
2022-05-20 00:13:36,49152.0
2022-05-20 00:13:37,0.0
2022-05-20 00:13:38,0.0
2022-05-20 00:13:39,12288.0
2022-05-20 00:13:40,32768.0
2022-05-20 00:13:41,86016.0
2022-05-20 00:13:42,24576.0
2022-05-20 00:13:43,0.0
2022-05-20 00:13:44,12288.0
2022-05-20 00:13:45,0.0
2022-05-20 00:13:46,0.0
2022-05-20 00:13:47,0.0
2022-05-20 00:13:48,24576.0
2022-05-20 00:13:49,20480.0
2022-05-20 00:13:50,0.0
2022-05-20 00:13:51,12288.0
2022-05-20 00:13:52,0.0
2022-05-20 00:13:53,5742592.0
2022-05-20 00:13:54,118784.0
2022-05-20 00:13:55,0.0
2022-05-20 00:13:56,0.0
2022-05-20 00:13:57,0.0
2022-05-20 00:13:58,0.0
2022-05-20 00:13:59,0.0
2022-05-20 00:14:00,36864.0
2022-05-20 00:14:01,0.0
2022-05-20 00:14:02,8192.0
2022-05-20 00:14:03,0.0
2022-05-20 00:14:04,90112.0
2022-05-20 00:14:05,20480.0
2022-05-20 00:14:06,24576.0
2022-05-20 00:14:07,24576.0
2022-05-20 00:14:08,0.0
2022-05-20 00:14:09,0.0
2022-05-20 00:14:10,12288.0
2022-05-20 00:14:11,24576.0
2022-05-20 00:14:12,0.0
2022-05-20 00:14:13,0.0
2022-05-20 00:14:14,0.0
2022-05-20 00:14:15,12288.0
2022-05-20 00:14:16,24576.0
2022-05-20 00:14:17,0.0
2022-05-20 00:14:18,0.0
2022-05-20 00:14:19,0.0
2022-05-20 00:14:20,20480.0
2022-05-20 00:14:21,24576.0
2022-05-20 00:14:22,0.0
2022-05-20 00:14:23,0.0
2022-05-20 00:14:24,0.0
2022-05-20 00:14:25,12288.0
2022-05-20 00:14:26,0.0
2022-05-20 00:14:27,24576.0
2022-05-20 00:14:28,0.0
2022-05-20 00:14:29,0.0
2022-05-20 00:14:30,12288.0
2022-05-20 00:14:31,0.0
2022-05-20 00:14:32,24576.0
2022-05-20 00:14:33,16384.0
2022-05-20 00:14:34,0.0
2022-05-20 00:14:35,110592.0
2022-05-20 00:14:36,0.0
2022-05-20 00:14:37,0.0
2022-05-20 00:14:38,49152.0
2022-05-20 00:14:39,0.0
2022-05-20 00:14:40,12288.0
2022-05-20 00:14:41,0.0
2022-05-20 00:14:42,0.0
2022-05-20 00:14:43,0.0
2022-05-20 00:14:44,24576.0
2022-05-20 00:14:45,0.0
2022-05-20 00:14:46,12288.0
2022-05-20 00:14:47,0.0
2022-05-20 00:14:48,0.0
2022-05-20 00:14:49,0.0
2022-05-20 00:14:50,24576.0
2022-05-20 00:14:51,12288.0
2022-05-20 00:14:52,0.0
2022-05-20 00:14:53,24576.0
2022-05-20 00:14:54,0.0
2022-05-20 00:14:55,0.0
2022-05-20 00:14:56,45056.0
2022-05-20 00:14:57,0.0
2022-05-20 00:14:58,0.0
2022-05-20 00:14:59,0.0
2022-05-20 00:15:00,0.0
2022-05-20 00:15:01,12288.0
2022-05-20 00:15:02,24576.0
2022-05-20 00:15:03,0.0
2022-05-20 00:15:04,16384.0
2022-05-20 00:15:05,0.0
2022-05-20 00:15:06,110592.0
2022-05-20 00:15:07,49152.0
2022-05-20 00:15:08,0.0
2022-05-20 00:15:09,0.0
2022-05-20 00:15:10,0.0
2022-05-20 00:15:11,12288.0
2022-05-20 00:15:12,0.0
2022-05-20 00:15:13,24576.0
2022-05-20 00:15:14,0.0
2022-05-20 00:15:15,0.0
2022-05-20 00:15:16,12288.0
2022-05-20 00:15:17,0.0
2022-05-20 00:15:18,24576.0
2022-05-20 00:15:19,0.0
2022-05-20 00:15:20,0.0
2022-05-20 00:15:21,12288.0
2022-05-20 00:15:22,0.0
2022-05-20 00:15:23,24576.0
2022-05-20 00:15:24,0.0
2022-05-20 00:15:25,0.0
2022-05-20 00:15:26,20480.0
2022-05-20 00:15:27,0.0
2022-05-20 00:15:28,24576.0
2022-05-20 00:15:29,24576.0
2022-05-20 00:15:30,0.0
2022-05-20 00:15:31,12288.0
2022-05-20 00:15:32,0.0
2022-05-20 00:15:33,0.0
2022-05-20 00:15:34,24576.0
2022-05-20 00:15:35,0.0
2022-05-20 00:15:36,0.0
2022-05-20 00:15:37,102400.0
2022-05-20 00:15:38,0.0
2022-05-20 00:15:39,16384.0
2022-05-20 00:15:40,49152.0
2022-05-20 00:15:41,0.0
2022-05-20 00:15:42,20480.0
2022-05-20 00:15:43,0.0
2022-05-20 00:15:44,0.0
2022-05-20 00:15:45,0.0
2022-05-20 00:15:46,24576.0
2022-05-20 00:15:47,12288.0
2022-05-20 00:15:48,0.0
2022-05-20 00:15:49,0.0
2022-05-20 00:15:50,0.0
2022-05-20 00:15:51,0.0
2022-05-20 00:15:52,36864.0
2022-05-20 00:15:53,0.0
2022-05-20 00:15:54,0.0
2022-05-20 00:15:55,0.0
2022-05-20 00:15:56,0.0
2022-05-20 00:15:57,36864.0
2022-05-20 00:15:58,0.0
2022-05-20 00:15:59,0.0
2022-05-20 00:16:00,0.0
2022-05-20 00:16:01,0.0
2022-05-20 00:16:02,45056.0
2022-05-20 00:16:03,0.0
2022-05-20 00:16:04,16384.0
2022-05-20 00:16:05,24576.0
2022-05-20 00:16:06,0.0
2022-05-20 00:16:07,139264.0
2022-05-20 00:16:08,0.0
2022-05-20 00:16:09,0.0
2022-05-20 00:16:10,16384.0
2022-05-20 00:16:11,0.0
2022-05-20 00:16:12,61440.0
2022-05-20 00:16:13,0.0
2022-05-20 00:16:14,24576.0
2022-05-20 00:16:15,0.0
2022-05-20 00:16:16,0.0
2022-05-20 00:16:17,36864.0
2022-05-20 00:16:18,0.0
2022-05-20 00:16:19,0.0
2022-05-20 00:16:20,0.0
2022-05-20 00:16:21,0.0
2022-05-20 00:16:22,0.0
2022-05-20 00:16:23,36864.0
2022-05-20 00:16:24,0.0
2022-05-20 00:16:25,0.0
2022-05-20 00:16:26,0.0
2022-05-20 00:16:27,0.0
2022-05-20 00:16:28,36864.0
2022-05-20 00:16:29,0.0
2022-05-20 00:16:30,0.0
2022-05-20 00:16:31,0.0
2022-05-20 00:16:32,0.0
2022-05-20 00:16:33,36864.0
2022-05-20 00:16:34,0.0
2022-05-20 00:16:35,0.0
2022-05-20 00:16:36,0.0
2022-05-20 00:16:37,0.0
2022-05-20 00:16:38,114688.0
2022-05-20 00:16:39,24576.0
2022-05-20 00:16:40,0.0
2022-05-20 00:16:41,16384.0
2022-05-20 00:16:42,0.0
2022-05-20 00:16:43,20480.0
2022-05-20 00:16:44,49152.0
2022-05-20 00:16:45,0.0
2022-05-20 00:16:46,24576.0
2022-05-20 00:16:47,0.0
2022-05-20 00:16:48,12288.0
2022-05-20 00:16:49,24576.0
2022-05-20 00:16:50,0.0
2022-05-20 00:16:51,0.0
2022-05-20 00:16:52,0.0
2022-05-20 00:16:53,12288.0
2022-05-20 00:16:54,24576.0
2022-05-20 00:16:55,0.0
2022-05-20 00:16:56,0.0
2022-05-20 00:16:57,0.0
2022-05-20 00:16:58,12288.0
2022-05-20 00:16:59,0.0
2022-05-20 00:17:00,24576.0
2022-05-20 00:17:01,0.0
2022-05-20 00:17:02,0.0
2022-05-20 00:17:03,12288.0
2022-05-20 00:17:04,0.0
2022-05-20 00:17:05,24576.0
2022-05-20 00:17:06,0.0
2022-05-20 00:17:07,0.0
2022-05-20 00:17:08,12288.0
2022-05-20 00:17:09,90112.0
2022-05-20 00:17:10,0.0
2022-05-20 00:17:11,24576.0
2022-05-20 00:17:12,16384.0
2022-05-20 00:17:13,20480.0
2022-05-20 00:17:14,8192.0
2022-05-20 00:17:15,561152.0
2022-05-20 00:17:16,0.0
2022-05-20 00:17:17,49152.0
2022-05-20 00:17:18,12288.0
2022-05-20 00:17:19,0.0
2022-05-20 00:17:20,0.0
2022-05-20 00:17:21,0.0
2022-05-20 00:17:22,24576.0
2022-05-20 00:17:23,0.0
2022-05-20 00:17:24,12288.0
2022-05-20 00:17:25,0.0
2022-05-20 00:17:26,630784.0
2022-05-20 00:17:27,57344.0
2022-05-20 00:17:28,0.0
2022-05-20 00:17:29,12288.0
2022-05-20 00:17:30,0.0
2022-05-20 00:17:31,0.0
2022-05-20 00:17:32,0.0
2022-05-20 00:17:33,24576.0
2022-05-20 00:17:34,12288.0
2022-05-20 00:17:35,0.0
2022-05-20 00:17:36,0.0
2022-05-20 00:17:37,0.0
2022-05-20 00:17:38,24576.0
2022-05-20 00:17:39,106496.0
2022-05-20 00:17:40,0.0
2022-05-20 00:17:41,0.0
2022-05-20 00:17:42,0.0
2022-05-20 00:17:43,16384.0
2022-05-20 00:17:44,69632.0
2022-05-20 00:17:45,0.0
2022-05-20 00:17:46,0.0
2022-05-20 00:17:47,0.0
2022-05-20 00:17:48,0.0
2022-05-20 00:17:49,12288.0
2022-05-20 00:17:50,32768.0
2022-05-20 00:17:51,0.0
2022-05-20 00:17:52,0.0
2022-05-20 00:17:53,0.0
2022-05-20 00:17:54,12288.0
2022-05-20 00:17:55,24576.0
2022-05-20 00:17:56,0.0
2022-05-20 00:17:57,0.0
2022-05-20 00:17:58,0.0
2022-05-20 00:17:59,12288.0
2022-05-20 00:18:00,24576.0
2022-05-20 00:18:01,0.0
2022-05-20 00:18:02,0.0
2022-05-20 00:18:03,0.0
2022-05-20 00:18:04,12288.0
2022-05-20 00:18:05,0.0
2022-05-20 00:18:06,24576.0
2022-05-20 00:18:07,0.0
2022-05-20 00:18:08,24576.0
2022-05-20 00:18:09,12288.0
2022-05-20 00:18:10,90112.0
2022-05-20 00:18:11,0.0
2022-05-20 00:18:12,24576.0
2022-05-20 00:18:13,0.0
2022-05-20 00:18:14,28672.0
2022-05-20 00:18:15,0.0
2022-05-20 00:18:16,0.0
2022-05-20 00:18:17,0.0
2022-05-20 00:18:18,24576.0
2022-05-20 00:18:19,12288.0
2022-05-20 00:18:20,0.0
2022-05-20 00:18:21,0.0
2022-05-20 00:18:22,0.0
2022-05-20 00:18:23,24576.0
2022-05-20 00:18:24,0.0
2022-05-20 00:18:25,12288.0
2022-05-20 00:18:26,0.0
2022-05-20 00:18:27,2793472.0
2022-05-20 00:18:28,0.0
2022-05-20 00:18:29,32768.0
2022-05-20 00:18:30,12288.0
2022-05-20 00:18:31,0.0
2022-05-20 00:18:32,0.0
2022-05-20 00:18:33,0.0
2022-05-20 00:18:34,0.0
2022-05-20 00:18:35,36864.0
2022-05-20 00:18:36,0.0
2022-05-20 00:18:37,0.0
2022-05-20 00:18:38,2805760.0
2022-05-20 00:18:39,0.0
2022-05-20 00:18:40,12288.0
2022-05-20 00:18:41,126976.0
2022-05-20 00:18:42,0.0
2022-05-20 00:18:43,0.0
2022-05-20 00:18:44,8192.0
2022-05-20 00:18:45,20480.0
2022-05-20 00:18:46,0.0
2022-05-20 00:18:47,24576.0
2022-05-20 00:18:48,0.0
2022-05-20 00:18:49,16384.0
2022-05-20 00:18:50,12288.0
2022-05-20 00:18:51,0.0
2022-05-20 00:18:52,0.0
2022-05-20 00:18:53,49152.0
2022-05-20 00:18:54,0.0
2022-05-20 00:18:55,12288.0
2022-05-20 00:18:56,0.0
2022-05-20 00:18:57,0.0
2022-05-20 00:18:58,0.0
2022-05-20 00:18:59,24576.0
2022-05-20 00:19:00,20480.0
2022-05-20 00:19:01,0.0
2022-05-20 00:19:02,0.0
2022-05-20 00:19:03,0.0
2022-05-20 00:19:04,0.0
2022-05-20 00:19:05,24576.0
2022-05-20 00:19:06,12288.0
2022-05-20 00:19:07,0.0
2022-05-20 00:19:08,0.0
2022-05-20 00:19:09,0.0
2022-05-20 00:19:10,24576.0
2022-05-20 00:19:11,12288.0
2022-05-20 00:19:12,90112.0
2022-05-20 00:19:13,0.0
2022-05-20 00:19:14,0.0
2022-05-20 00:19:15,0.0
2022-05-20 00:19:16,45056.0
2022-05-20 00:19:17,8192.0
2022-05-20 00:19:18,0.0
2022-05-20 00:19:19,0.0
2022-05-20 00:19:20,40960.0
2022-05-20 00:19:21,12288.0
2022-05-20 00:19:22,49152.0
2022-05-20 00:19:23,0.0
2022-05-20 00:19:24,0.0
2022-05-20 00:19:25,0.0
2022-05-20 00:19:26,12288.0
2022-05-20 00:19:27,0.0
2022-05-20 00:19:28,24576.0
2022-05-20 00:19:29,0.0
2022-05-20 00:19:30,0.0
2022-05-20 00:19:31,12288.0
2022-05-20 00:19:32,0.0
2022-05-20 00:19:33,0.0
2022-05-20 00:19:34,24576.0
2022-05-20 00:19:35,0.0
2022-05-20 00:19:36,12288.0
2022-05-20 00:19:37,0.0
2022-05-20 00:19:38,0.0
2022-05-20 00:19:39,24576.0
2022-05-20 00:19:40,0.0
2022-05-20 00:19:41,0.0
2022-05-20 00:19:42,12288.0
2022-05-20 00:19:43,94208.0
2022-05-20 00:19:44,0.0
2022-05-20 00:19:45,24576.0
2022-05-20 00:19:46,0.0
2022-05-20 00:19:47,20480.0
2022-05-20 00:19:48,0.0
2022-05-20 00:19:49,0.0
2022-05-20 00:19:50,0.0
2022-05-20 00:19:51,40960.0
2022-05-20 00:19:52,12288.0
2022-05-20 00:19:53,8192.0
2022-05-20 00:19:54,0.0
2022-05-20 00:19:55,0.0
2022-05-20 00:19:56,73728.0
2022-05-20 00:19:57,12288.0
2022-05-20 00:19:58,0.0
2022-05-20 00:19:59,0.0
2022-05-20 00:20:00,0.0
2022-05-20 00:20:01,24576.0
2022-05-20 00:20:02,12288.0
2022-05-20 00:20:03,0.0
2022-05-20 00:20:04,0.0
2022-05-20 00:20:05,0.0
2022-05-20 00:20:06,24576.0
2022-05-20 00:20:07,12288.0
2022-05-20 00:20:08,0.0
2022-05-20 00:20:09,0.0
2022-05-20 00:20:10,0.0
2022-05-20 00:20:11,0.0
2022-05-20 00:20:12,36864.0
2022-05-20 00:20:13,94208.0
2022-05-20 00:20:14,0.0
2022-05-20 00:20:15,0.0
2022-05-20 00:20:16,0.0
2022-05-20 00:20:17,20480.0
2022-05-20 00:20:18,24576.0
2022-05-20 00:20:19,0.0
2022-05-20 00:20:20,0.0
2022-05-20 00:20:21,0.0
2022-05-20 00:20:22,28672.0
2022-05-20 00:20:23,49152.0
2022-05-20 00:20:24,0.0
2022-05-20 00:20:25,0.0
2022-05-20 00:20:26,0.0
2022-05-20 00:20:27,0.0
2022-05-20 00:20:28,12288.0
2022-05-20 00:20:29,32768.0
2022-05-20 00:20:30,0.0
2022-05-20 00:20:31,0.0
2022-05-20 00:20:32,0.0
2022-05-20 00:20:33,12288.0
2022-05-20 00:20:34,0.0
2022-05-20 00:20:35,24576.0
2022-05-20 00:20:36,0.0
2022-05-20 00:20:37,24576.0
2022-05-20 00:20:38,12288.0
2022-05-20 00:20:39,0.0
2022-05-20 00:20:40,0.0
2022-05-20 00:20:41,24576.0
2022-05-20 00:20:42,0.0
2022-05-20 00:20:43,12288.0
2022-05-20 00:20:44,94208.0
2022-05-20 00:20:45,0.0
2022-05-20 00:20:46,0.0
2022-05-20 00:20:47,24576.0
2022-05-20 00:20:48,20480.0
2022-05-20 00:20:49,0.0
2022-05-20 00:20:50,0.0
2022-05-20 00:20:51,0.0
2022-05-20 00:20:52,24576.0
2022-05-20 00:20:53,28672.0
2022-05-20 00:20:54,0.0
2022-05-20 00:20:55,0.0
2022-05-20 00:20:56,0.0
2022-05-20 00:20:57,0.0
2022-05-20 00:20:58,61440.0
2022-05-20 00:20:59,0.0
2022-05-20 00:21:00,0.0
2022-05-20 00:21:01,0.0
2022-05-20 00:21:02,0.0
2022-05-20 00:21:03,0.0
2022-05-20 00:21:04,36864.0
2022-05-20 00:21:05,8192.0
2022-05-20 00:21:06,0.0
2022-05-20 00:21:07,0.0
2022-05-20 00:21:08,0.0
2022-05-20 00:21:09,12288.0
2022-05-20 00:21:10,24576.0
2022-05-20 00:21:11,0.0
2022-05-20 00:21:12,0.0
2022-05-20 00:21:13,24576.0
2022-05-20 00:21:14,12288.0
2022-05-20 00:21:15,94208.0
2022-05-20 00:21:16,24576.0
2022-05-20 00:21:17,0.0
2022-05-20 00:21:18,0.0
2022-05-20 00:21:19,20480.0
2022-05-20 00:21:20,0.0
2022-05-20 00:21:21,24576.0
2022-05-20 00:21:22,0.0
2022-05-20 00:21:23,0.0
2022-05-20 00:21:24,12288.0
2022-05-20 00:21:25,0.0
2022-05-20 00:21:26,24576.0
2022-05-20 00:21:27,0.0
2022-05-20 00:21:28,0.0
2022-05-20 00:21:29,28672.0
2022-05-20 00:21:30,0.0
2022-05-20 00:21:31,49152.0
2022-05-20 00:21:32,0.0
2022-05-20 00:21:33,0.0
2022-05-20 00:21:34,12288.0
2022-05-20 00:21:35,0.0
2022-05-20 00:21:36,24576.0
2022-05-20 00:21:37,0.0
2022-05-20 00:21:38,0.0
2022-05-20 00:21:39,0.0
2022-05-20 00:21:40,12288.0
2022-05-20 00:21:41,24576.0
2022-05-20 00:21:42,0.0
2022-05-20 00:21:43,0.0
2022-05-20 00:21:44,0.0
2022-05-20 00:21:45,106496.0
2022-05-20 00:21:46,0.0
2022-05-20 00:21:47,24576.0
2022-05-20 00:21:48,0.0
2022-05-20 00:21:49,0.0
2022-05-20 00:21:50,20480.0
2022-05-20 00:21:51,8192.0
2022-05-20 00:21:52,0.0
2022-05-20 00:21:53,24576.0
2022-05-20 00:21:54,0.0
2022-05-20 00:21:55,12288.0
2022-05-20 00:21:56,0.0
2022-05-20 00:21:57,0.0
2022-05-20 00:21:58,0.0
2022-05-20 00:21:59,24576.0
2022-05-20 00:22:00,28672.0
2022-05-20 00:22:01,0.0
2022-05-20 00:22:02,0.0
2022-05-20 00:22:03,0.0
2022-05-20 00:22:04,0.0
2022-05-20 00:22:05,94208.0
2022-05-20 00:22:06,0.0
2022-05-20 00:22:07,0.0
2022-05-20 00:22:08,0.0
2022-05-20 00:22:09,0.0
2022-05-20 00:22:10,12288.0
2022-05-20 00:22:11,24576.0
2022-05-20 00:22:12,0.0
2022-05-20 00:22:13,0.0
2022-05-20 00:22:14,0.0
2022-05-20 00:22:15,12288.0
2022-05-20 00:22:16,118784.0
2022-05-20 00:22:17,0.0
2022-05-20 00:22:18,0.0
2022-05-20 00:22:19,0.0
2022-05-20 00:22:20,0.0
2022-05-20 00:22:21,45056.0
2022-05-20 00:22:22,0.0
2022-05-20 00:22:23,0.0
2022-05-20 00:22:24,0.0
2022-05-20 00:22:25,0.0
2022-05-20 00:22:26,12288.0
2022-05-20 00:22:27,24576.0
2022-05-20 00:22:28,0.0
2022-05-20 00:22:29,0.0
2022-05-20 00:22:30,0.0
2022-05-20 00:22:31,20480.0
2022-05-20 00:22:32,8192.0
2022-05-20 00:22:33,24576.0
2022-05-20 00:22:34,0.0
2022-05-20 00:22:35,0.0
2022-05-20 00:22:36,12288.0
2022-05-20 00:22:37,0.0
2022-05-20 00:22:38,24576.0
2022-05-20 00:22:39,0.0
2022-05-20 00:22:40,0.0
2022-05-20 00:22:41,12288.0
2022-05-20 00:22:42,0.0
2022-05-20 00:22:43,0.0
2022-05-20 00:22:44,24576.0
2022-05-20 00:22:45,0.0
2022-05-20 00:22:46,12288.0
2022-05-20 00:22:47,90112.0
2022-05-20 00:22:48,0.0
2022-05-20 00:22:49,0.0
2022-05-20 00:22:50,24576.0
2022-05-20 00:22:51,20480.0
2022-05-20 00:22:52,0.0
2022-05-20 00:22:53,0.0
2022-05-20 00:22:54,0.0
2022-05-20 00:22:55,0.0
2022-05-20 00:22:56,36864.0
2022-05-20 00:22:57,0.0
2022-05-20 00:22:58,0.0
2022-05-20 00:22:59,0.0
2022-05-20 00:23:00,0.0
2022-05-20 00:23:01,86016.0
2022-05-20 00:23:02,16384.0
2022-05-20 00:23:03,0.0
2022-05-20 00:23:04,0.0
2022-05-20 00:23:05,0.0
2022-05-20 00:23:06,69632.0
2022-05-20 00:23:07,0.0
2022-05-20 00:23:08,0.0
2022-05-20 00:23:09,0.0
2022-05-20 00:23:10,0.0
2022-05-20 00:23:11,24576.0
2022-05-20 00:23:12,12288.0
2022-05-20 00:23:13,0.0
2022-05-20 00:23:14,0.0
2022-05-20 00:23:15,0.0
2022-05-20 00:23:16,0.0
2022-05-20 00:23:17,36864.0
2022-05-20 00:23:18,94208.0
2022-05-20 00:23:19,0.0
2022-05-20 00:23:20,0.0
2022-05-20 00:23:21,0.0
2022-05-20 00:23:22,45056.0
2022-05-20 00:23:23,8192.0
2022-05-20 00:23:24,0.0
2022-05-20 00:23:25,0.0
2022-05-20 00:23:26,0.0
2022-05-20 00:23:27,12288.0
2022-05-20 00:23:28,24576.0
2022-05-20 00:23:29,0.0
2022-05-20 00:23:30,0.0
2022-05-20 00:23:31,0.0
2022-05-20 00:23:32,102400.0
2022-05-20 00:23:33,0.0
2022-05-20 00:23:34,24576.0
2022-05-20 00:23:35,0.0
2022-05-20 00:23:36,0.0
2022-05-20 00:23:37,12288.0
2022-05-20 00:23:38,16384.0
2022-05-20 00:23:39,0.0
2022-05-20 00:23:40,49152.0
2022-05-20 00:23:41,0.0
2022-05-20 00:23:42,12288.0
2022-05-20 00:23:43,0.0
2022-05-20 00:23:44,0.0
2022-05-20 00:23:45,0.0
2022-05-20 00:23:46,24576.0
2022-05-20 00:23:47,12288.0
2022-05-20 00:23:48,94208.0
2022-05-20 00:23:49,0.0
2022-05-20 00:23:50,0.0
2022-05-20 00:23:51,0.0
2022-05-20 00:23:52,45056.0
2022-05-20 00:23:53,0.0
2022-05-20 00:23:54,0.0
2022-05-20 00:23:55,0.0
2022-05-20 00:23:56,0.0
2022-05-20 00:23:57,0.0
2022-05-20 00:23:58,36864.0
2022-05-20 00:23:59,0.0
2022-05-20 00:24:00,0.0
2022-05-20 00:24:01,0.0
2022-05-20 00:24:02,0.0
2022-05-20 00:24:03,12288.0
2022-05-20 00:24:04,24576.0
2022-05-20 00:24:05,0.0
2022-05-20 00:24:06,0.0
2022-05-20 00:24:07,0.0
2022-05-20 00:24:08,36864.0
2022-05-20 00:24:09,0.0
2022-05-20 00:24:10,24576.0
2022-05-20 00:24:11,0.0
2022-05-20 00:24:12,0.0
2022-05-20 00:24:13,28672.0
2022-05-20 00:24:14,8192.0
2022-05-20 00:24:15,49152.0
2022-05-20 00:24:16,0.0
2022-05-20 00:24:17,0.0
2022-05-20 00:24:18,12288.0
2022-05-20 00:24:19,94208.0
2022-05-20 00:24:20,0.0
2022-05-20 00:24:21,24576.0
2022-05-20 00:24:22,0.0
2022-05-20 00:24:23,20480.0
2022-05-20 00:24:24,0.0
2022-05-20 00:24:25,0.0
2022-05-20 00:24:26,24576.0
2022-05-20 00:24:27,0.0
2022-05-20 00:24:28,12288.0
2022-05-20 00:24:29,0.0
2022-05-20 00:24:30,0.0
2022-05-20 00:24:31,24576.0
2022-05-20 00:24:32,0.0
2022-05-20 00:24:33,12288.0
2022-05-20 00:24:34,0.0
2022-05-20 00:24:35,0.0
2022-05-20 00:24:36,0.0
2022-05-20 00:24:37,24576.0
2022-05-20 00:24:38,12288.0
2022-05-20 00:24:39,0.0
2022-05-20 00:24:40,0.0
2022-05-20 00:24:41,0.0
2022-05-20 00:24:42,0.0
2022-05-20 00:24:43,24576.0
2022-05-20 00:24:44,28672.0
2022-05-20 00:24:45,0.0
2022-05-20 00:24:46,0.0
2022-05-20 00:24:47,0.0
2022-05-20 00:24:48,0.0
2022-05-20 00:24:49,94208.0
2022-05-20 00:24:50,102400.0
2022-05-20 00:24:51,0.0
2022-05-20 00:24:52,0.0
2022-05-20 00:24:53,0.0
2022-05-20 00:24:54,20480.0
2022-05-20 00:24:55,24576.0
2022-05-20 00:24:56,0.0
2022-05-20 00:24:57,0.0
2022-05-20 00:24:58,0.0
2022-05-20 00:24:59,12288.0
2022-05-20 00:25:00,0.0
2022-05-20 00:25:01,24576.0
2022-05-20 00:25:02,0.0
2022-05-20 00:25:03,0.0
2022-05-20 00:25:04,12288.0
2022-05-20 00:25:05,0.0
2022-05-20 00:25:06,24576.0
2022-05-20 00:25:07,0.0
2022-05-20 00:25:08,0.0
2022-05-20 00:25:09,12288.0
2022-05-20 00:25:10,0.0
2022-05-20 00:25:11,0.0
2022-05-20 00:25:12,24576.0
2022-05-20 00:25:13,0.0
2022-05-20 00:25:14,12288.0
2022-05-20 00:25:15,16384.0
2022-05-20 00:25:16,0.0
2022-05-20 00:25:17,0.0
2022-05-20 00:25:18,49152.0
2022-05-20 00:25:19,0.0
2022-05-20 00:25:20,12288.0
2022-05-20 00:25:21,98304.0
2022-05-20 00:25:22,0.0
2022-05-20 00:25:23,0.0
2022-05-20 00:25:24,24576.0
2022-05-20 00:25:25,45056.0
2022-05-20 00:25:26,8192.0
2022-05-20 00:25:27,0.0
2022-05-20 00:25:28,0.0
2022-05-20 00:25:29,0.0
2022-05-20 00:25:30,36864.0
2022-05-20 00:25:31,0.0
2022-05-20 00:25:32,0.0
2022-05-20 00:25:33,0.0
2022-05-20 00:25:34,0.0
2022-05-20 00:25:35,12288.0
2022-05-20 00:25:36,24576.0
2022-05-20 00:25:37,0.0
2022-05-20 00:25:38,0.0
2022-05-20 00:25:39,0.0
2022-05-20 00:25:40,69632.0
2022-05-20 00:25:41,0.0
2022-05-20 00:25:42,0.0
2022-05-20 00:25:43,0.0
2022-05-20 00:25:44,0.0
2022-05-20 00:25:45,12288.0
2022-05-20 00:25:46,49152.0
2022-05-20 00:25:47,0.0
2022-05-20 00:25:48,0.0
2022-05-20 00:25:49,0.0
2022-05-20 00:25:50,0.0
2022-05-20 00:25:51,159744.0
2022-05-20 00:25:52,0.0
2022-05-20 00:25:53,0.0
2022-05-20 00:25:54,0.0
2022-05-20 00:25:55,0.0
2022-05-20 00:25:56,20480.0
2022-05-20 00:25:57,24576.0
2022-05-20 00:25:58,0.0
2022-05-20 00:25:59,0.0
2022-05-20 00:26:00,0.0
2022-05-20 00:26:01,69632.0
2022-05-20 00:26:02,24576.0
2022-05-20 00:26:03,0.0
2022-05-20 00:26:04,0.0
2022-05-20 00:26:05,0.0
2022-05-20 00:26:06,12288.0
2022-05-20 00:26:07,0.0
2022-05-20 00:26:08,24576.0
2022-05-20 00:26:09,0.0
2022-05-20 00:26:10,0.0
2022-05-20 00:26:11,36864.0
2022-05-20 00:26:12,23797760.0
2022-05-20 00:26:13,0.0
2022-05-20 00:26:14,0.0
2022-05-20 00:26:15,0.0
2022-05-20 00:26:16,12288.0
2022-05-20 00:26:17,0.0
2022-05-20 00:26:18,40960.0
2022-05-20 00:26:19,0.0
2022-05-20 00:26:20,0.0
2022-05-20 00:26:21,28672.0
2022-05-20 00:26:22,98304.0
2022-05-20 00:26:23,0.0
2022-05-20 00:26:24,9895936.0
2022-05-20 00:26:25,2576384.0
2022-05-20 00:26:26,0.0
2022-05-20 00:26:27,20480.0
2022-05-20 00:26:28,0.0
2022-05-20 00:26:29,32768.0
2022-05-20 00:26:30,0.0
2022-05-20 00:26:31,0.0
2022-05-20 00:26:32,86016.0
2022-05-20 00:26:33,0.0
2022-05-20 00:26:34,0.0
2022-05-20 00:26:35,24576.0
2022-05-20 00:26:36,0.0
2022-05-20 00:26:37,20480.0
2022-05-20 00:26:38,0.0
2022-05-20 00:26:39,0.0
2022-05-20 00:26:40,24576.0
2022-05-20 00:26:41,0.0
2022-05-20 00:26:42,12288.0
2022-05-20 00:26:43,0.0
2022-05-20 00:26:44,0.0
2022-05-20 00:26:45,0.0
2022-05-20 00:26:46,24576.0
2022-05-20 00:26:47,53248.0
2022-05-20 00:26:48,0.0
2022-05-20 00:26:49,0.0
2022-05-20 00:26:50,0.0
2022-05-20 00:26:51,0.0
2022-05-20 00:26:52,73728.0
2022-05-20 00:26:53,110592.0
2022-05-20 00:26:54,0.0
2022-05-20 00:26:55,0.0
2022-05-20 00:26:56,0.0
2022-05-20 00:26:57,0.0
2022-05-20 00:26:58,69632.0
2022-05-20 00:26:59,0.0
2022-05-20 00:27:00,0.0
2022-05-20 00:27:01,0.0
2022-05-20 00:27:02,0.0
2022-05-20 00:27:03,36864.0
2022-05-20 00:27:04,0.0
2022-05-20 00:27:05,0.0
2022-05-20 00:27:06,0.0
2022-05-20 00:27:07,0.0
2022-05-20 00:27:08,12288.0
2022-05-20 00:27:09,24576.0
2022-05-20 00:27:10,0.0
2022-05-20 00:27:11,0.0
2022-05-20 00:27:12,0.0
2022-05-20 00:27:13,77824.0
2022-05-20 00:27:14,0.0
2022-05-20 00:27:15,24576.0
2022-05-20 00:27:16,0.0
2022-05-20 00:27:17,0.0
2022-05-20 00:27:18,0.0
2022-05-20 00:27:19,12288.0
2022-05-20 00:27:20,0.0
2022-05-20 00:27:21,24576.0
2022-05-20 00:27:22,0.0
2022-05-20 00:27:23,106496.0
2022-05-20 00:27:24,20480.0
2022-05-20 00:27:25,0.0
2022-05-20 00:27:26,0.0
2022-05-20 00:27:27,24576.0
2022-05-20 00:27:28,0.0
2022-05-20 00:27:29,12288.0
2022-05-20 00:27:30,0.0
2022-05-20 00:27:31,0.0
2022-05-20 00:27:32,24576.0
2022-05-20 00:27:33,0.0
2022-05-20 00:27:34,12288.0
2022-05-20 00:27:35,0.0
2022-05-20 00:27:36,0.0
2022-05-20 00:27:37,0.0
2022-05-20 00:27:38,24576.0
2022-05-20 00:27:39,0.0
2022-05-20 00:27:40,12288.0
2022-05-20 00:27:41,0.0
2022-05-20 00:27:42,0.0
2022-05-20 00:27:43,0.0
2022-05-20 00:27:44,32768.0
2022-05-20 00:27:45,12288.0
2022-05-20 00:27:46,0.0
2022-05-20 00:27:47,0.0
2022-05-20 00:27:48,81920.0
2022-05-20 00:27:49,0.0
2022-05-20 00:27:50,12288.0
2022-05-20 00:27:51,0.0
2022-05-20 00:27:52,0.0
2022-05-20 00:27:53,0.0
2022-05-20 00:27:54,151552.0
2022-05-20 00:27:55,20480.0
2022-05-20 00:27:56,0.0
2022-05-20 00:27:57,0.0
2022-05-20 00:27:58,0.0
2022-05-20 00:27:59,49152.0
2022-05-20 00:28:00,0.0
2022-05-20 00:28:01,12288.0
2022-05-20 00:28:02,0.0
2022-05-20 00:28:03,0.0
2022-05-20 00:28:04,0.0
2022-05-20 00:28:05,24576.0
2022-05-20 00:28:06,12288.0
2022-05-20 00:28:07,0.0
2022-05-20 00:28:08,0.0
2022-05-20 00:28:09,0.0
2022-05-20 00:28:10,24576.0
2022-05-20 00:28:11,12288.0
2022-05-20 00:28:12,0.0
2022-05-20 00:28:13,0.0
2022-05-20 00:28:14,0.0
2022-05-20 00:28:15,0.0
2022-05-20 00:28:16,36864.0
2022-05-20 00:28:17,0.0
2022-05-20 00:28:18,0.0
2022-05-20 00:28:19,16384.0
2022-05-20 00:28:20,8192.0
2022-05-20 00:28:21,12288.0
2022-05-20 00:28:22,57344.0
2022-05-20 00:28:23,0.0
2022-05-20 00:28:24,57344.0
2022-05-20 00:28:25,98304.0
2022-05-20 00:28:26,20480.0
2022-05-20 00:28:27,0.0
2022-05-20 00:28:28,24576.0
2022-05-20 00:28:29,16384.0
2022-05-20 00:28:30,0.0
2022-05-20 00:28:31,0.0
2022-05-20 00:28:32,12288.0
2022-05-20 00:28:33,0.0
2022-05-20 00:28:34,73728.0
2022-05-20 00:28:35,0.0
2022-05-20 00:28:36,0.0
2022-05-20 00:28:37,12288.0
2022-05-20 00:28:38,0.0
2022-05-20 00:28:39,24576.0
2022-05-20 00:28:40,0.0
2022-05-20 00:28:41,0.0
2022-05-20 00:28:42,12288.0
2022-05-20 00:28:43,0.0
2022-05-20 00:28:44,24576.0
2022-05-20 00:28:45,0.0
2022-05-20 00:28:46,0.0
2022-05-20 00:28:47,12288.0
2022-05-20 00:28:48,0.0
2022-05-20 00:28:49,24576.0
2022-05-20 00:28:50,0.0
2022-05-20 00:28:51,0.0
2022-05-20 00:28:52,12288.0
2022-05-20 00:28:53,0.0
2022-05-20 00:28:54,0.0
2022-05-20 00:28:55,24576.0
2022-05-20 00:28:56,106496.0
2022-05-20 00:28:57,20480.0
2022-05-20 00:28:58,0.0
2022-05-20 00:28:59,0.0
2022-05-20 00:29:00,98304.0
2022-05-20 00:29:01,0.0
2022-05-20 00:29:02,0.0
2022-05-20 00:29:03,12288.0
2022-05-20 00:29:04,0.0
2022-05-20 00:29:05,57344.0
2022-05-20 00:29:06,0.0
2022-05-20 00:29:07,0.0
2022-05-20 00:29:08,12288.0
2022-05-20 00:29:09,0.0
2022-05-20 00:29:10,0.0
2022-05-20 00:29:11,24576.0
2022-05-20 00:29:12,0.0
2022-05-20 00:29:13,12288.0
2022-05-20 00:29:14,0.0
2022-05-20 00:29:15,0.0
2022-05-20 00:29:16,0.0
2022-05-20 00:29:17,24576.0
2022-05-20 00:29:18,12288.0
2022-05-20 00:29:19,0.0
2022-05-20 00:29:20,0.0
2022-05-20 00:29:21,0.0
2022-05-20 00:29:22,0.0
2022-05-20 00:29:23,36864.0
2022-05-20 00:29:24,0.0
2022-05-20 00:29:25,0.0
2022-05-20 00:29:26,102400.0
2022-05-20 00:29:27,0.0
2022-05-20 00:29:28,20480.0
2022-05-20 00:29:29,24576.0
2022-05-20 00:29:30,0.0
2022-05-20 00:29:31,24576.0
2022-05-20 00:29:32,0.0
2022-05-20 00:29:33,12288.0
2022-05-20 00:29:34,0.0
2022-05-20 00:29:35,49152.0
2022-05-20 00:29:36,24576.0
2022-05-20 00:29:37,0.0
2022-05-20 00:29:38,0.0
2022-05-20 00:29:39,12288.0
2022-05-20 00:29:40,0.0
2022-05-20 00:29:41,24576.0
2022-05-20 00:29:42,0.0
2022-05-20 00:29:43,0.0
2022-05-20 00:29:44,12288.0
2022-05-20 00:29:45,0.0
2022-05-20 00:29:46,0.0
2022-05-20 00:29:47,24576.0
2022-05-20 00:29:48,0.0
2022-05-20 00:29:49,12288.0
2022-05-20 00:29:50,0.0
2022-05-20 00:29:51,0.0
2022-05-20 00:29:52,0.0
2022-05-20 00:29:53,24576.0
2022-05-20 00:29:54,12288.0
2022-05-20 00:29:55,0.0
2022-05-20 00:29:56,0.0
2022-05-20 00:29:57,98304.0
2022-05-20 00:29:58,0.0
2022-05-20 00:29:59,45056.0
2022-05-20 00:30:00,0.0
2022-05-20 00:30:01,0.0
2022-05-20 00:30:02,16384.0
2022-05-20 00:30:03,0.0
2022-05-20 00:30:04,12288.0
2022-05-20 00:30:05,49152.0
2022-05-20 00:30:06,0.0
2022-05-20 00:30:07,8192.0
2022-05-20 00:30:08,0.0
2022-05-20 00:30:09,12288.0
2022-05-20 00:30:10,0.0
2022-05-20 00:30:11,24576.0
2022-05-20 00:30:12,24576.0
2022-05-20 00:30:13,0.0
2022-05-20 00:30:14,12288.0
2022-05-20 00:30:15,0.0
2022-05-20 00:30:16,0.0
2022-05-20 00:30:17,24576.0
2022-05-20 00:30:18,0.0
2022-05-20 00:30:19,12288.0
2022-05-20 00:30:20,0.0
2022-05-20 00:30:21,0.0
2022-05-20 00:30:22,0.0
2022-05-20 00:30:23,24576.0
2022-05-20 00:30:24,0.0
2022-05-20 00:30:25,12288.0
2022-05-20 00:30:26,0.0
2022-05-20 00:30:27,0.0
2022-05-20 00:30:28,102400.0
2022-05-20 00:30:29,24576.0
2022-05-20 00:30:30,20480.0
2022-05-20 00:30:31,0.0
2022-05-20 00:30:32,0.0
2022-05-20 00:30:33,0.0
2022-05-20 00:30:34,0.0
2022-05-20 00:30:35,36864.0
2022-05-20 00:30:36,0.0
2022-05-20 00:30:37,16384.0
2022-05-20 00:30:38,0.0
2022-05-20 00:30:39,0.0
2022-05-20 00:30:40,12288.0
2022-05-20 00:30:41,49152.0
2022-05-20 00:30:42,0.0
2022-05-20 00:30:43,5099520.0
2022-05-20 00:30:44,0.0
2022-05-20 00:30:45,0.0
2022-05-20 00:30:46,12288.0
2022-05-20 00:30:47,0.0
2022-05-20 00:30:48,32768.0
2022-05-20 00:30:49,40960.0
2022-05-20 00:30:50,0.0
2022-05-20 00:30:51,0.0
2022-05-20 00:30:52,0.0
2022-05-20 00:30:53,0.0
2022-05-20 00:30:54,24576.0
2022-05-20 00:30:55,0.0
2022-05-20 00:30:56,0.0
2022-05-20 00:30:57,0.0
2022-05-20 00:30:58,53248.0
2022-05-20 00:30:59,32768.0
2022-05-20 00:31:00,0.0
2022-05-20 00:31:01,0.0
2022-05-20 00:31:02,0.0
2022-05-20 00:31:03,0.0
2022-05-20 00:31:04,20480.0
2022-05-20 00:31:05,24576.0
2022-05-20 00:31:06,0.0
2022-05-20 00:31:07,0.0
2022-05-20 00:31:08,16384.0
2022-05-20 00:31:09,0.0
2022-05-20 00:31:10,49152.0
2022-05-20 00:31:11,0.0
2022-05-20 00:31:12,0.0
2022-05-20 00:31:13,40960.0
2022-05-20 00:31:14,0.0
2022-05-20 00:31:15,0.0
2022-05-20 00:31:16,57344.0
2022-05-20 00:31:17,0.0
2022-05-20 00:31:18,0.0
2022-05-20 00:31:19,12288.0
2022-05-20 00:31:20,0.0
2022-05-20 00:31:21,0.0
2022-05-20 00:31:22,24576.0
2022-05-20 00:31:23,0.0
2022-05-20 00:31:24,49152.0
2022-05-20 00:31:25,0.0
2022-05-20 00:31:26,0.0
2022-05-20 00:31:27,0.0
2022-05-20 00:31:28,24576.0
2022-05-20 00:31:29,0.0
2022-05-20 00:31:30,0.0
2022-05-20 00:31:31,0.0
2022-05-20 00:31:32,0.0
2022-05-20 00:31:33,0.0
2022-05-20 00:31:34,24576.0
2022-05-20 00:31:35,0.0
2022-05-20 00:31:36,0.0
2022-05-20 00:31:37,0.0
2022-05-20 00:31:38,0.0
2022-05-20 00:31:39,8192.0
2022-05-20 00:31:40,24576.0
2022-05-20 00:31:41,0.0
2022-05-20 00:31:42,0.0
2022-05-20 00:31:43,0.0
2022-05-20 00:31:44,0.0
2022-05-20 00:31:45,0.0
2022-05-20 00:31:46,24576.0
2022-05-20 00:31:47,0.0
2022-05-20 00:31:48,0.0
2022-05-20 00:31:49,0.0
2022-05-20 00:31:50,0.0
2022-05-20 00:31:51,0.0
2022-05-20 00:31:52,24576.0
2022-05-20 00:31:53,0.0
2022-05-20 00:31:54,0.0
2022-05-20 00:31:55,0.0
2022-05-20 00:31:56,0.0
2022-05-20 00:31:57,0.0
2022-05-20 00:31:58,24576.0
2022-05-20 00:31:59,0.0
2022-05-20 00:32:00,0.0
2022-05-20 00:32:01,0.0
2022-05-20 00:32:02,0.0
2022-05-20 00:32:03,0.0
2022-05-20 00:32:04,24576.0
2022-05-20 00:32:05,0.0
2022-05-20 00:32:06,0.0
2022-05-20 00:32:07,0.0
2022-05-20 00:32:08,0.0
2022-05-20 00:32:09,0.0
2022-05-20 00:32:10,40960.0
2022-05-20 00:32:11,0.0
2022-05-20 00:32:12,0.0
2022-05-20 00:32:13,0.0
2022-05-20 00:32:14,0.0
2022-05-20 00:32:15,57344.0
2022-05-20 00:32:16,0.0
2022-05-20 00:32:17,0.0
2022-05-20 00:32:18,0.0
2022-05-20 00:32:19,0.0
2022-05-20 00:32:20,0.0
2022-05-20 00:32:21,24576.0
2022-05-20 00:32:22,0.0
2022-05-20 00:32:23,0.0
2022-05-20 00:32:24,0.0
2022-05-20 00:32:25,0.0
2022-05-20 00:32:26,0.0
2022-05-20 00:32:27,24576.0
2022-05-20 00:32:28,0.0
2022-05-20 00:32:29,0.0
2022-05-20 00:32:30,0.0
2022-05-20 00:32:31,0.0
2022-05-20 00:32:32,0.0
2022-05-20 00:32:33,24576.0
2022-05-20 00:32:34,0.0
2022-05-20 00:32:35,32768.0
2022-05-20 00:32:36,0.0
2022-05-20 00:32:37,0.0
2022-05-20 00:32:38,0.0
2022-05-20 00:32:39,24576.0
2022-05-20 00:32:40,0.0
2022-05-20 00:32:41,0.0
2022-05-20 00:32:42,0.0
2022-05-20 00:32:43,0.0
2022-05-20 00:32:44,0.0
2022-05-20 00:32:45,49152.0
2022-05-20 00:32:46,0.0
2022-05-20 00:32:47,0.0
2022-05-20 00:32:48,0.0
2022-05-20 00:32:49,0.0
2022-05-20 00:32:50,0.0
2022-05-20 00:32:51,49152.0
2022-05-20 00:32:52,0.0
2022-05-20 00:32:53,0.0
2022-05-20 00:32:54,0.0
2022-05-20 00:32:55,0.0
2022-05-20 00:32:56,0.0
2022-05-20 00:32:57,24576.0
2022-05-20 00:32:58,0.0
2022-05-20 00:32:59,0.0
2022-05-20 00:33:00,0.0
2022-05-20 00:33:01,0.0
2022-05-20 00:33:02,0.0
2022-05-20 00:33:03,73728.0
2022-05-20 00:33:04,0.0
2022-05-20 00:33:05,0.0
2022-05-20 00:33:06,0.0
2022-05-20 00:33:07,0.0
2022-05-20 00:33:08,0.0
2022-05-20 00:33:09,32768.0
2022-05-20 00:33:10,0.0
2022-05-20 00:33:11,73728.0
2022-05-20 00:33:12,0.0
2022-05-20 00:33:13,0.0
2022-05-20 00:33:14,0.0
2022-05-20 00:33:15,24576.0
2022-05-20 00:33:16,16384.0
2022-05-20 00:33:17,0.0
2022-05-20 00:33:18,0.0
2022-05-20 00:33:19,0.0
2022-05-20 00:33:20,0.0
2022-05-20 00:33:21,49152.0
2022-05-20 00:33:22,0.0
2022-05-20 00:33:23,0.0
2022-05-20 00:33:24,0.0
2022-05-20 00:33:25,0.0
2022-05-20 00:33:26,0.0
2022-05-20 00:33:27,24576.0
2022-05-20 00:33:28,0.0
2022-05-20 00:33:29,0.0
2022-05-20 00:33:30,0.0
2022-05-20 00:33:31,0.0
2022-05-20 00:33:32,24576.0
2022-05-20 00:33:33,57344.0
2022-05-20 00:33:34,0.0
2022-05-20 00:33:35,0.0
2022-05-20 00:33:36,0.0
2022-05-20 00:33:37,0.0
2022-05-20 00:33:38,0.0
2022-05-20 00:33:39,24576.0
2022-05-20 00:33:40,0.0
2022-05-20 00:33:41,0.0
2022-05-20 00:33:42,0.0
2022-05-20 00:33:43,0.0
2022-05-20 00:33:44,0.0
2022-05-20 00:33:45,24576.0
2022-05-20 00:33:46,0.0
2022-05-20 00:33:47,49152.0
2022-05-20 00:33:48,0.0
2022-05-20 00:33:49,0.0
2022-05-20 00:33:50,0.0
2022-05-20 00:33:51,24576.0
2022-05-20 00:33:52,0.0
2022-05-20 00:33:53,0.0
2022-05-20 00:33:54,0.0
2022-05-20 00:33:55,0.0
2022-05-20 00:33:56,0.0
2022-05-20 00:33:57,24576.0
2022-05-20 00:33:58,0.0
2022-05-20 00:33:59,0.0
2022-05-20 00:34:00,0.0
2022-05-20 00:34:01,0.0
2022-05-20 00:34:02,0.0
2022-05-20 00:34:03,24576.0
2022-05-20 00:34:04,0.0
2022-05-20 00:34:05,0.0
2022-05-20 00:34:06,0.0
2022-05-20 00:34:07,0.0
2022-05-20 00:34:08,0.0
2022-05-20 00:34:09,24576.0
2022-05-20 00:34:10,0.0
2022-05-20 00:34:11,0.0
2022-05-20 00:34:12,0.0
2022-05-20 00:34:13,0.0
2022-05-20 00:34:14,0.0
2022-05-20 00:34:15,24576.0
2022-05-20 00:34:16,0.0
2022-05-20 00:34:17,0.0
2022-05-20 00:34:18,16384.0
2022-05-20 00:34:19,0.0
2022-05-20 00:34:20,0.0
2022-05-20 00:34:21,49152.0
2022-05-20 00:34:22,0.0
2022-05-20 00:34:23,24576.0
2022-05-20 00:34:24,0.0
2022-05-20 00:34:25,0.0
2022-05-20 00:34:26,0.0
2022-05-20 00:34:27,24576.0
2022-05-20 00:34:28,0.0
2022-05-20 00:34:29,0.0
2022-05-20 00:34:30,0.0
2022-05-20 00:34:31,0.0
2022-05-20 00:34:32,0.0
2022-05-20 00:34:33,24576.0
2022-05-20 00:34:34,0.0
2022-05-20 00:34:35,0.0
2022-05-20 00:34:36,0.0
2022-05-20 00:34:37,0.0
2022-05-20 00:34:38,0.0
2022-05-20 00:34:39,24576.0
2022-05-20 00:34:40,0.0
2022-05-20 00:34:41,0.0
2022-05-20 00:34:42,0.0
2022-05-20 00:34:43,0.0
2022-05-20 00:34:44,0.0
2022-05-20 00:34:45,24576.0
2022-05-20 00:34:46,0.0
2022-05-20 00:34:47,0.0
2022-05-20 00:34:48,9330688.0
2022-05-20 00:34:49,16384.0
2022-05-20 00:34:50,0.0
2022-05-20 00:34:51,49152.0
2022-05-20 00:34:52,0.0
2022-05-20 00:34:53,0.0
2022-05-20 00:34:54,0.0
2022-05-20 00:34:55,0.0
2022-05-20 00:34:56,0.0
2022-05-20 00:34:57,24576.0
2022-05-20 00:34:58,0.0
2022-05-20 00:34:59,24576.0
2022-05-20 00:35:00,0.0
2022-05-20 00:35:01,0.0
2022-05-20 00:35:02,0.0
2022-05-20 00:35:03,24576.0
2022-05-20 00:35:04,0.0
2022-05-20 00:35:05,0.0
2022-05-20 00:35:06,0.0
2022-05-20 00:35:07,0.0
2022-05-20 00:35:08,24576.0
2022-05-20 00:35:09,0.0
2022-05-20 00:35:10,0.0
2022-05-20 00:35:11,0.0
2022-05-20 00:35:12,0.0
2022-05-20 00:35:13,0.0
2022-05-20 00:35:14,24576.0
2022-05-20 00:35:15,0.0
2022-05-20 00:35:16,0.0
2022-05-20 00:35:17,0.0
2022-05-20 00:35:18,0.0
2022-05-20 00:35:19,24576.0
2022-05-20 00:35:20,16384.0
2022-05-20 00:35:21,0.0
2022-05-20 00:35:22,0.0
2022-05-20 00:35:23,0.0
2022-05-20 00:35:24,49152.0
2022-05-20 00:35:25,0.0
2022-05-20 00:35:26,0.0
2022-05-20 00:35:27,0.0
2022-05-20 00:35:28,0.0
2022-05-20 00:35:29,24576.0
2022-05-20 00:35:30,0.0
2022-05-20 00:35:31,0.0
2022-05-20 00:35:32,0.0
2022-05-20 00:35:33,0.0
2022-05-20 00:35:34,24576.0
2022-05-20 00:35:35,0.0
2022-05-20 00:35:36,0.0
2022-05-20 00:35:37,0.0
2022-05-20 00:35:38,0.0
2022-05-20 00:35:39,0.0
2022-05-20 00:35:40,49152.0
2022-05-20 00:35:41,0.0
2022-05-20 00:35:42,0.0
2022-05-20 00:35:43,0.0
2022-05-20 00:35:44,0.0
2022-05-20 00:35:45,24576.0
2022-05-20 00:35:46,0.0
2022-05-20 00:35:47,0.0
2022-05-20 00:35:48,0.0
2022-05-20 00:35:49,0.0
2022-05-20 00:35:50,0.0
2022-05-20 00:35:51,24576.0
2022-05-20 00:35:52,0.0
2022-05-20 00:35:53,0.0
2022-05-20 00:35:54,0.0
2022-05-20 00:35:55,8192.0
2022-05-20 00:35:56,24576.0
2022-05-20 00:35:57,0.0
2022-05-20 00:35:58,0.0
2022-05-20 00:35:59,0.0
2022-05-20 00:36:00,0.0
2022-05-20 00:36:01,24576.0
2022-05-20 00:36:02,0.0
2022-05-20 00:36:03,0.0
2022-05-20 00:36:04,0.0
2022-05-20 00:36:05,0.0
2022-05-20 00:36:06,24576.0
2022-05-20 00:36:07,0.0
2022-05-20 00:36:08,0.0
2022-05-20 00:36:09,0.0
2022-05-20 00:36:10,0.0
2022-05-20 00:36:11,0.0
2022-05-20 00:36:12,24576.0
2022-05-20 00:36:13,0.0
2022-05-20 00:36:14,0.0
2022-05-20 00:36:15,0.0
2022-05-20 00:36:16,0.0
2022-05-20 00:36:17,24576.0
2022-05-20 00:36:18,0.0
2022-05-20 00:36:19,0.0
2022-05-20 00:36:20,0.0
2022-05-20 00:36:21,0.0
2022-05-20 00:36:22,0.0
2022-05-20 00:36:23,24576.0
2022-05-20 00:36:24,0.0
2022-05-20 00:36:25,0.0
2022-05-20 00:36:26,16384.0
2022-05-20 00:36:27,0.0
2022-05-20 00:36:28,49152.0
2022-05-20 00:36:29,0.0
2022-05-20 00:36:30,0.0
2022-05-20 00:36:31,0.0
2022-05-20 00:36:32,0.0
2022-05-20 00:36:33,2195456.0
2022-05-20 00:36:34,0.0
2022-05-20 00:36:35,0.0
2022-05-20 00:36:36,0.0
2022-05-20 00:36:37,0.0
2022-05-20 00:36:38,24576.0
2022-05-20 00:36:39,0.0
2022-05-20 00:36:40,0.0
2022-05-20 00:36:41,0.0
2022-05-20 00:36:42,0.0
2022-05-20 00:36:43,57344.0
2022-05-20 00:36:44,0.0
2022-05-20 00:36:45,0.0
2022-05-20 00:36:46,0.0
2022-05-20 00:36:47,57344.0
2022-05-20 00:36:48,24576.0
2022-05-20 00:36:49,0.0
2022-05-20 00:36:50,0.0
2022-05-20 00:36:51,0.0
2022-05-20 00:36:52,0.0
2022-05-20 00:36:53,0.0
2022-05-20 00:36:54,32768.0
2022-05-20 00:36:55,0.0
2022-05-20 00:36:56,0.0
2022-05-20 00:36:57,16384.0
2022-05-20 00:36:58,0.0
2022-05-20 00:36:59,0.0
2022-05-20 00:37:00,49152.0
2022-05-20 00:37:01,0.0
2022-05-20 00:37:02,0.0
2022-05-20 00:37:03,0.0
2022-05-20 00:37:04,0.0
2022-05-20 00:37:05,24576.0
2022-05-20 00:37:06,0.0
2022-05-20 00:37:07,0.0
2022-05-20 00:37:08,0.0
2022-05-20 00:37:09,0.0
2022-05-20 00:37:10,24576.0
2022-05-20 00:37:11,0.0
2022-05-20 00:37:12,32768.0
2022-05-20 00:37:13,0.0
2022-05-20 00:37:14,0.0
2022-05-20 00:37:15,0.0
2022-05-20 00:37:16,24576.0
2022-05-20 00:37:17,0.0
2022-05-20 00:37:18,0.0
2022-05-20 00:37:19,0.0
2022-05-20 00:37:20,0.0
2022-05-20 00:37:21,24576.0
2022-05-20 00:37:22,32768.0
2022-05-20 00:37:23,0.0
2022-05-20 00:37:24,0.0
2022-05-20 00:37:25,0.0
2022-05-20 00:37:26,24576.0
2022-05-20 00:37:27,0.0
2022-05-20 00:37:28,16384.0
2022-05-20 00:37:29,0.0
2022-05-20 00:37:30,0.0
2022-05-20 00:37:31,49152.0
2022-05-20 00:37:32,0.0
2022-05-20 00:37:33,0.0
2022-05-20 00:37:34,0.0
2022-05-20 00:37:35,0.0
2022-05-20 00:37:36,0.0
2022-05-20 00:37:37,24576.0
2022-05-20 00:37:38,0.0
2022-05-20 00:37:39,0.0
2022-05-20 00:37:40,0.0
2022-05-20 00:37:41,0.0
2022-05-20 00:37:42,24576.0
2022-05-20 00:37:43,0.0
2022-05-20 00:37:44,0.0
2022-05-20 00:37:45,0.0
2022-05-20 00:37:46,0.0
2022-05-20 00:37:47,24576.0
2022-05-20 00:37:48,0.0
2022-05-20 00:37:49,0.0
2022-05-20 00:37:50,0.0
2022-05-20 00:37:51,0.0
2022-05-20 00:37:52,24576.0
2022-05-20 00:37:53,0.0
2022-05-20 00:37:54,0.0
2022-05-20 00:37:55,0.0
2022-05-20 00:37:56,0.0
2022-05-20 00:37:57,24576.0
2022-05-20 00:37:58,0.0
2022-05-20 00:37:59,8192.0
2022-05-20 00:38:00,0.0
2022-05-20 00:38:01,0.0
2022-05-20 00:38:02,24576.0
2022-05-20 00:38:03,0.0
2022-05-20 00:38:04,24576.0
2022-05-20 00:38:05,0.0
2022-05-20 00:38:06,0.0
2022-05-20 00:38:07,24576.0
2022-05-20 00:38:08,0.0
2022-05-20 00:38:09,0.0
2022-05-20 00:38:10,0.0
2022-05-20 00:38:11,0.0
2022-05-20 00:38:12,0.0
2022-05-20 00:38:13,24576.0
2022-05-20 00:38:14,0.0
2022-05-20 00:38:15,0.0
2022-05-20 00:38:16,0.0
2022-05-20 00:38:17,0.0
2022-05-20 00:38:18,24576.0
2022-05-20 00:38:19,0.0
2022-05-20 00:38:20,0.0
2022-05-20 00:38:21,0.0
2022-05-20 00:38:22,0.0
2022-05-20 00:38:23,24576.0
2022-05-20 00:38:24,0.0
2022-05-20 00:38:25,0.0
2022-05-20 00:38:26,0.0
2022-05-20 00:38:27,0.0
2022-05-20 00:38:28,24576.0
2022-05-20 00:38:29,0.0
2022-05-20 00:38:30,16384.0
2022-05-20 00:38:31,0.0
2022-05-20 00:38:32,0.0
2022-05-20 00:38:33,49152.0
2022-05-20 00:38:34,0.0
2022-05-20 00:38:35,0.0
2022-05-20 00:38:36,0.0
2022-05-20 00:38:37,0.0
2022-05-20 00:38:38,24576.0
2022-05-20 00:38:39,0.0
2022-05-20 00:38:40,24576.0
2022-05-20 00:38:41,0.0
2022-05-20 00:38:42,0.0
2022-05-20 00:38:43,24576.0
2022-05-20 00:38:44,0.0
2022-05-20 00:38:45,0.0
2022-05-20 00:38:46,0.0
2022-05-20 00:38:47,0.0
2022-05-20 00:38:48,24576.0
2022-05-20 00:38:49,0.0
2022-05-20 00:38:50,0.0
2022-05-20 00:38:51,0.0
2022-05-20 00:38:52,0.0
2022-05-20 00:38:53,24576.0
2022-05-20 00:38:54,0.0
2022-05-20 00:38:55,0.0
2022-05-20 00:38:56,0.0
2022-05-20 00:38:57,0.0
2022-05-20 00:38:58,81920.0
2022-05-20 00:38:59,0.0
2022-05-20 00:39:00,0.0
2022-05-20 00:39:01,16384.0
2022-05-20 00:39:02,0.0
2022-05-20 00:39:03,0.0
2022-05-20 00:39:04,57344.0
2022-05-20 00:39:05,0.0
2022-05-20 00:39:06,0.0
2022-05-20 00:39:07,0.0
2022-05-20 00:39:08,0.0
2022-05-20 00:39:09,24576.0
2022-05-20 00:39:10,0.0
2022-05-20 00:39:11,0.0
2022-05-20 00:39:12,0.0
2022-05-20 00:39:13,0.0
2022-05-20 00:39:14,24576.0
2022-05-20 00:39:15,0.0
2022-05-20 00:39:16,0.0
2022-05-20 00:39:17,0.0
2022-05-20 00:39:18,0.0
2022-05-20 00:39:19,24576.0
2022-05-20 00:39:20,0.0
2022-05-20 00:39:21,0.0
2022-05-20 00:39:22,0.0
2022-05-20 00:39:23,0.0
2022-05-20 00:39:24,0.0
2022-05-20 00:39:25,24576.0
2022-05-20 00:39:26,0.0
2022-05-20 00:39:27,0.0
2022-05-20 00:39:28,0.0
2022-05-20 00:39:29,0.0
2022-05-20 00:39:30,24576.0
2022-05-20 00:39:31,65536.0
2022-05-20 00:39:32,0.0
2022-05-20 00:39:33,0.0
2022-05-20 00:39:34,0.0
2022-05-20 00:39:35,0.0
2022-05-20 00:39:36,24576.0
2022-05-20 00:39:37,16384.0
2022-05-20 00:39:38,0.0
2022-05-20 00:39:39,0.0
2022-05-20 00:39:40,0.0
2022-05-20 00:39:41,49152.0
2022-05-20 00:39:42,0.0
2022-05-20 00:39:43,0.0
2022-05-20 00:39:44,0.0
2022-05-20 00:39:45,0.0
2022-05-20 00:39:46,24576.0
2022-05-20 00:39:47,0.0
2022-05-20 00:39:48,0.0
2022-05-20 00:39:49,0.0
2022-05-20 00:39:50,0.0
2022-05-20 00:39:51,24576.0
2022-05-20 00:39:52,0.0
2022-05-20 00:39:53,0.0
2022-05-20 00:39:54,0.0
2022-05-20 00:39:55,0.0
2022-05-20 00:39:56,24576.0
2022-05-20 00:39:57,0.0
2022-05-20 00:39:58,0.0
2022-05-20 00:39:59,0.0
2022-05-20 00:40:00,0.0
2022-05-20 00:40:01,24576.0
2022-05-20 00:40:02,0.0
2022-05-20 00:40:03,0.0
2022-05-20 00:40:04,0.0
2022-05-20 00:40:05,0.0
2022-05-20 00:40:06,24576.0
2022-05-20 00:40:07,0.0
2022-05-20 00:40:08,8192.0
2022-05-20 00:40:09,0.0
2022-05-20 00:40:10,0.0
2022-05-20 00:40:11,0.0
2022-05-20 00:40:12,24576.0
2022-05-20 00:40:13,24576.0
2022-05-20 00:40:14,0.0
2022-05-20 00:40:15,0.0
2022-05-20 00:40:16,0.0
2022-05-20 00:40:17,24576.0
2022-05-20 00:40:18,0.0
2022-05-20 00:40:19,0.0
2022-05-20 00:40:20,0.0
2022-05-20 00:40:21,0.0
2022-05-20 00:40:22,24576.0
2022-05-20 00:40:23,0.0
2022-05-20 00:40:24,0.0
2022-05-20 00:40:25,0.0
2022-05-20 00:40:26,0.0
2022-05-20 00:40:27,24576.0
2022-05-20 00:40:28,0.0
2022-05-20 00:40:29,0.0
2022-05-20 00:40:30,0.0
2022-05-20 00:40:31,0.0
2022-05-20 00:40:32,24576.0
2022-05-20 00:40:33,0.0
2022-05-20 00:40:34,0.0
2022-05-20 00:40:35,0.0
2022-05-20 00:40:36,0.0
2022-05-20 00:40:37,24576.0
2022-05-20 00:40:38,0.0
2022-05-20 00:40:39,16384.0
2022-05-20 00:40:40,0.0
2022-05-20 00:40:41,0.0
2022-05-20 00:40:42,0.0
2022-05-20 00:40:43,49152.0
2022-05-20 00:40:44,0.0
2022-05-20 00:40:45,0.0
2022-05-20 00:40:46,0.0
2022-05-20 00:40:47,0.0
2022-05-20 00:40:48,24576.0
2022-05-20 00:40:49,0.0
2022-05-20 00:40:50,0.0
2022-05-20 00:40:51,0.0
2022-05-20 00:40:52,0.0
2022-05-20 00:40:53,24576.0
2022-05-20 00:40:54,0.0
2022-05-20 00:40:55,0.0
2022-05-20 00:40:56,0.0
2022-05-20 00:40:57,0.0
2022-05-20 00:40:58,24576.0
2022-05-20 00:40:59,0.0
2022-05-20 00:41:00,0.0
2022-05-20 00:41:01,0.0
2022-05-20 00:41:02,0.0
2022-05-20 00:41:03,24576.0
2022-05-20 00:41:04,0.0
2022-05-20 00:41:05,0.0
2022-05-20 00:41:06,0.0
2022-05-20 00:41:07,0.0
2022-05-20 00:41:08,24576.0
2022-05-20 00:41:09,0.0
2022-05-20 00:41:10,40960.0
2022-05-20 00:41:11,0.0
2022-05-20 00:41:12,0.0
2022-05-20 00:41:13,49152.0
2022-05-20 00:41:14,0.0
2022-05-20 00:41:15,0.0
2022-05-20 00:41:16,0.0
2022-05-20 00:41:17,0.0
2022-05-20 00:41:18,24576.0
2022-05-20 00:41:19,0.0
2022-05-20 00:41:20,0.0
2022-05-20 00:41:21,0.0
2022-05-20 00:41:22,0.0
2022-05-20 00:41:23,0.0
2022-05-20 00:41:24,24576.0
2022-05-20 00:41:25,0.0
2022-05-20 00:41:26,0.0
2022-05-20 00:41:27,0.0
2022-05-20 00:41:28,0.0
2022-05-20 00:41:29,24576.0
2022-05-20 00:41:30,0.0
2022-05-20 00:41:31,0.0
2022-05-20 00:41:32,0.0
2022-05-20 00:41:33,0.0
2022-05-20 00:41:34,24576.0
2022-05-20 00:41:35,0.0
2022-05-20 00:41:36,0.0
2022-05-20 00:41:37,0.0
2022-05-20 00:41:38,0.0
2022-05-20 00:41:39,24576.0
2022-05-20 00:41:40,0.0
2022-05-20 00:41:41,16384.0
2022-05-20 00:41:42,0.0
2022-05-20 00:41:43,0.0
2022-05-20 00:41:44,49152.0
2022-05-20 00:41:45,0.0
2022-05-20 00:41:46,24576.0
2022-05-20 00:41:47,0.0
2022-05-20 00:41:48,0.0
2022-05-20 00:41:49,24576.0
2022-05-20 00:41:50,0.0
2022-05-20 00:41:51,0.0
2022-05-20 00:41:52,0.0
2022-05-20 00:41:53,0.0
2022-05-20 00:41:54,24576.0
2022-05-20 00:41:55,0.0
2022-05-20 00:41:56,0.0
2022-05-20 00:41:57,0.0
2022-05-20 00:41:58,0.0
2022-05-20 00:41:59,0.0
2022-05-20 00:42:00,24576.0
2022-05-20 00:42:01,0.0
2022-05-20 00:42:02,0.0
2022-05-20 00:42:03,0.0
2022-05-20 00:42:04,0.0
2022-05-20 00:42:05,24576.0
2022-05-20 00:42:06,0.0
2022-05-20 00:42:07,0.0
2022-05-20 00:42:08,0.0
2022-05-20 00:42:09,0.0
2022-05-20 00:42:10,24576.0
2022-05-20 00:42:11,0.0
2022-05-20 00:42:12,8192.0
2022-05-20 00:42:13,0.0
2022-05-20 00:42:14,0.0
2022-05-20 00:42:15,0.0
2022-05-20 00:42:16,24576.0
2022-05-20 00:42:17,0.0
2022-05-20 00:42:18,0.0
2022-05-20 00:42:19,0.0
2022-05-20 00:42:20,0.0
2022-05-20 00:42:21,24576.0
2022-05-20 00:42:22,0.0
2022-05-20 00:42:23,0.0
2022-05-20 00:42:24,0.0
2022-05-20 00:42:25,0.0
2022-05-20 00:42:26,24576.0
2022-05-20 00:42:27,0.0
2022-05-20 00:42:28,0.0
2022-05-20 00:42:29,0.0
2022-05-20 00:42:30,0.0
2022-05-20 00:42:31,0.0
2022-05-20 00:42:32,24576.0
2022-05-20 00:42:33,0.0
2022-05-20 00:42:34,0.0
2022-05-20 00:42:35,0.0
2022-05-20 00:42:36,0.0
2022-05-20 00:42:37,24576.0
2022-05-20 00:42:38,0.0
2022-05-20 00:42:39,0.0
2022-05-20 00:42:40,0.0
2022-05-20 00:42:41,0.0
2022-05-20 00:42:42,24576.0
2022-05-20 00:42:43,16384.0
2022-05-20 00:42:44,0.0
2022-05-20 00:42:45,0.0
2022-05-20 00:42:46,0.0
2022-05-20 00:42:47,49152.0
2022-05-20 00:42:48,0.0
2022-05-20 00:42:49,0.0
2022-05-20 00:42:50,0.0
2022-05-20 00:42:51,0.0
2022-05-20 00:42:52,24576.0
2022-05-20 00:42:53,0.0
2022-05-20 00:42:54,0.0
2022-05-20 00:42:55,0.0
2022-05-20 00:42:56,0.0
2022-05-20 00:42:57,24576.0
2022-05-20 00:42:58,0.0
2022-05-20 00:42:59,0.0
2022-05-20 00:43:00,0.0
2022-05-20 00:43:01,0.0
2022-05-20 00:43:02,0.0
2022-05-20 00:43:03,73728.0
2022-05-20 00:43:04,0.0
2022-05-20 00:43:05,0.0
2022-05-20 00:43:06,0.0
2022-05-20 00:43:07,0.0
2022-05-20 00:43:08,24576.0
2022-05-20 00:43:09,0.0
2022-05-20 00:43:10,0.0
2022-05-20 00:43:11,0.0
2022-05-20 00:43:12,0.0
2022-05-20 00:43:13,0.0
2022-05-20 00:43:14,40960.0
2022-05-20 00:43:15,0.0
2022-05-20 00:43:16,0.0
2022-05-20 00:43:17,0.0
2022-05-20 00:43:18,0.0
2022-05-20 00:43:19,49152.0
2022-05-20 00:43:20,49152.0
2022-05-20 00:43:21,0.0
2022-05-20 00:43:22,0.0
2022-05-20 00:43:23,0.0
2022-05-20 00:43:24,0.0
2022-05-20 00:43:25,24576.0
2022-05-20 00:43:26,0.0
2022-05-20 00:43:27,0.0
2022-05-20 00:43:28,0.0
2022-05-20 00:43:29,0.0
2022-05-20 00:43:30,0.0
2022-05-20 00:43:31,24576.0
2022-05-20 00:43:32,0.0
2022-05-20 00:43:33,0.0
2022-05-20 00:43:34,0.0
2022-05-20 00:43:35,16384.0
2022-05-20 00:43:36,24576.0
2022-05-20 00:43:37,0.0
2022-05-20 00:43:38,0.0
2022-05-20 00:43:39,0.0
2022-05-20 00:43:40,0.0
2022-05-20 00:43:41,24576.0
2022-05-20 00:43:42,0.0
2022-05-20 00:43:43,0.0
2022-05-20 00:43:44,0.0
2022-05-20 00:43:45,16384.0
2022-05-20 00:43:46,0.0
2022-05-20 00:43:47,49152.0
2022-05-20 00:43:48,0.0
2022-05-20 00:43:49,0.0
2022-05-20 00:43:50,24576.0
2022-05-20 00:43:51,0.0
2022-05-20 00:43:52,24576.0
2022-05-20 00:43:53,0.0
2022-05-20 00:43:54,0.0
2022-05-20 00:43:55,0.0
2022-05-20 00:43:56,0.0
2022-05-20 00:43:57,24576.0
2022-05-20 00:43:58,0.0
2022-05-20 00:43:59,0.0
2022-05-20 00:44:00,0.0
2022-05-20 00:44:01,0.0
2022-05-20 00:44:02,24576.0
2022-05-20 00:44:03,0.0
2022-05-20 00:44:04,0.0
2022-05-20 00:44:05,0.0
2022-05-20 00:44:06,0.0
2022-05-20 00:44:07,24576.0
2022-05-20 00:44:08,0.0
2022-05-20 00:44:09,0.0
2022-05-20 00:44:10,0.0
2022-05-20 00:44:11,0.0
2022-05-20 00:44:12,0.0
2022-05-20 00:44:13,24576.0
2022-05-20 00:44:14,0.0
2022-05-20 00:44:15,0.0
2022-05-20 00:44:16,8192.0
2022-05-20 00:44:17,0.0
2022-05-20 00:44:18,24576.0
2022-05-20 00:44:19,0.0
2022-05-20 00:44:20,0.0
2022-05-20 00:44:21,0.0
2022-05-20 00:44:22,0.0
2022-05-20 00:44:23,0.0
2022-05-20 00:44:24,24576.0
2022-05-20 00:44:25,0.0
2022-05-20 00:44:26,0.0
2022-05-20 00:44:27,0.0
2022-05-20 00:44:28,0.0
2022-05-20 00:44:29,0.0
2022-05-20 00:44:30,24576.0
2022-05-20 00:44:31,0.0
2022-05-20 00:44:32,0.0
2022-05-20 00:44:33,0.0
2022-05-20 00:44:34,0.0
2022-05-20 00:44:35,0.0
2022-05-20 00:44:36,24576.0
2022-05-20 00:44:37,0.0
2022-05-20 00:44:38,0.0
2022-05-20 00:44:39,0.0
2022-05-20 00:44:40,0.0
2022-05-20 00:44:41,0.0
2022-05-20 00:44:42,24576.0
2022-05-20 00:44:43,0.0
2022-05-20 00:44:44,0.0
2022-05-20 00:44:45,0.0
2022-05-20 00:44:46,0.0
2022-05-20 00:44:47,24576.0
2022-05-20 00:44:48,0.0
2022-05-20 00:44:49,0.0
2022-05-20 00:44:50,0.0
2022-05-20 00:44:51,16384.0
2022-05-20 00:44:52,49152.0
2022-05-20 00:44:53,0.0
2022-05-20 00:44:54,0.0
2022-05-20 00:44:55,0.0
2022-05-20 00:44:56,0.0
2022-05-20 00:44:57,24576.0
2022-05-20 00:44:58,0.0
2022-05-20 00:44:59,0.0
2022-05-20 00:45:00,0.0
2022-05-20 00:45:01,0.0
2022-05-20 00:45:02,0.0
2022-05-20 00:45:03,73728.0
2022-05-20 00:45:04,0.0
2022-05-20 00:45:05,0.0
2022-05-20 00:45:06,0.0
2022-05-20 00:45:07,0.0
2022-05-20 00:45:08,0.0
2022-05-20 00:45:09,32768.0
2022-05-20 00:45:10,0.0
2022-05-20 00:45:11,0.0
2022-05-20 00:45:12,0.0
2022-05-20 00:45:13,0.0
2022-05-20 00:45:14,24576.0
2022-05-20 00:45:15,0.0
2022-05-20 00:45:16,0.0
2022-05-20 00:45:17,0.0
2022-05-20 00:45:18,0.0
2022-05-20 00:45:19,24576.0
2022-05-20 00:45:20,0.0
2022-05-20 00:45:21,0.0
2022-05-20 00:45:22,65536.0
2022-05-20 00:45:23,0.0
2022-05-20 00:45:24,49152.0
2022-05-20 00:45:25,0.0
2022-05-20 00:45:26,0.0
2022-05-20 00:45:27,0.0
2022-05-20 00:45:28,0.0
2022-05-20 00:45:29,0.0
2022-05-20 00:45:30,24576.0
2022-05-20 00:45:31,0.0
2022-05-20 00:45:32,16384.0
2022-05-20 00:45:33,0.0
2022-05-20 00:45:34,0.0
2022-05-20 00:45:35,24576.0
2022-05-20 00:45:36,0.0
2022-05-20 00:45:37,0.0
2022-05-20 00:45:38,0.0
2022-05-20 00:45:39,0.0
2022-05-20 00:45:40,0.0
2022-05-20 00:45:41,24576.0
2022-05-20 00:45:42,0.0
2022-05-20 00:45:43,0.0
2022-05-20 00:45:44,0.0
2022-05-20 00:45:45,0.0
2022-05-20 00:45:46,24576.0
2022-05-20 00:45:47,0.0
2022-05-20 00:45:48,0.0
2022-05-20 00:45:49,0.0
2022-05-20 00:45:50,0.0
2022-05-20 00:45:51,0.0
2022-05-20 00:45:52,24576.0
2022-05-20 00:45:53,16384.0
2022-05-20 00:45:54,0.0
2022-05-20 00:45:55,0.0
2022-05-20 00:45:56,0.0
2022-05-20 00:45:57,49152.0
2022-05-20 00:45:58,24576.0
2022-05-20 00:45:59,0.0
2022-05-20 00:46:00,0.0
2022-05-20 00:46:01,0.0
2022-05-20 00:46:02,24576.0
2022-05-20 00:46:03,0.0
2022-05-20 00:46:04,0.0
2022-05-20 00:46:05,0.0
2022-05-20 00:46:06,0.0
2022-05-20 00:46:07,24576.0
2022-05-20 00:46:08,0.0
2022-05-20 00:46:09,0.0
2022-05-20 00:46:10,0.0
2022-05-20 00:46:11,0.0
2022-05-20 00:46:12,0.0
2022-05-20 00:46:13,24576.0
2022-05-20 00:46:14,0.0
2022-05-20 00:46:15,0.0
2022-05-20 00:46:16,0.0
2022-05-20 00:46:17,0.0
2022-05-20 00:46:18,0.0
2022-05-20 00:46:19,24576.0
2022-05-20 00:46:20,0.0
2022-05-20 00:46:21,0.0
2022-05-20 00:46:22,0.0
2022-05-20 00:46:23,0.0
2022-05-20 00:46:24,32768.0
2022-05-20 00:46:25,0.0
2022-05-20 00:46:26,0.0
2022-05-20 00:46:27,0.0
2022-05-20 00:46:28,0.0
2022-05-20 00:46:29,24576.0
2022-05-20 00:46:30,0.0
2022-05-20 00:46:31,0.0
2022-05-20 00:46:32,0.0
2022-05-20 00:46:33,0.0
2022-05-20 00:46:34,0.0
2022-05-20 00:46:35,24576.0
2022-05-20 00:46:36,0.0
2022-05-20 00:46:37,0.0
2022-05-20 00:46:38,0.0
2022-05-20 00:46:39,0.0
2022-05-20 00:46:40,0.0
2022-05-20 00:46:41,24576.0
2022-05-20 00:46:42,0.0
2022-05-20 00:46:43,0.0
2022-05-20 00:46:44,0.0
2022-05-20 00:46:45,0.0
2022-05-20 00:46:46,24576.0
2022-05-20 00:46:47,0.0
2022-05-20 00:46:48,0.0
2022-05-20 00:46:49,0.0
2022-05-20 00:46:50,0.0
2022-05-20 00:46:51,0.0
2022-05-20 00:46:52,24576.0
2022-05-20 00:46:53,0.0
2022-05-20 00:46:54,0.0
2022-05-20 00:46:55,0.0
2022-05-20 00:46:56,0.0
2022-05-20 00:46:57,24576.0
2022-05-20 00:46:58,0.0
2022-05-20 00:46:59,16384.0
2022-05-20 00:47:00,0.0
2022-05-20 00:47:01,0.0
2022-05-20 00:47:02,49152.0
2022-05-20 00:47:03,0.0
2022-05-20 00:47:04,0.0
2022-05-20 00:47:05,0.0
2022-05-20 00:47:06,0.0
2022-05-20 00:47:07,0.0
2022-05-20 00:47:08,24576.0
2022-05-20 00:47:09,0.0
2022-05-20 00:47:10,0.0
2022-05-20 00:47:11,0.0
2022-05-20 00:47:12,0.0
2022-05-20 00:47:13,24576.0
2022-05-20 00:47:14,0.0
2022-05-20 00:47:15,0.0
2022-05-20 00:47:16,0.0
2022-05-20 00:47:17,0.0
2022-05-20 00:47:18,24576.0
2022-05-20 00:47:19,0.0
2022-05-20 00:47:20,24576.0
2022-05-20 00:47:21,0.0
2022-05-20 00:47:22,0.0
2022-05-20 00:47:23,0.0
2022-05-20 00:47:24,24576.0
2022-05-20 00:47:25,0.0
2022-05-20 00:47:26,0.0
2022-05-20 00:47:27,0.0
2022-05-20 00:47:28,0.0
2022-05-20 00:47:29,0.0
2022-05-20 00:47:30,40960.0
2022-05-20 00:47:31,0.0
2022-05-20 00:47:32,0.0
2022-05-20 00:47:33,0.0
2022-05-20 00:47:34,0.0
2022-05-20 00:47:35,0.0
2022-05-20 00:47:36,49152.0
2022-05-20 00:47:37,0.0
2022-05-20 00:47:38,0.0
2022-05-20 00:47:39,0.0
2022-05-20 00:47:40,0.0
2022-05-20 00:47:41,24576.0
2022-05-20 00:47:42,0.0
2022-05-20 00:47:43,0.0
2022-05-20 00:47:44,0.0
2022-05-20 00:47:45,0.0
2022-05-20 00:47:46,24576.0
2022-05-20 00:47:47,0.0
2022-05-20 00:47:48,0.0
2022-05-20 00:47:49,0.0
2022-05-20 00:47:50,0.0
2022-05-20 00:47:51,24576.0
2022-05-20 00:47:52,0.0
2022-05-20 00:47:53,0.0
2022-05-20 00:47:54,0.0
2022-05-20 00:47:55,0.0
2022-05-20 00:47:56,24576.0
2022-05-20 00:47:57,24576.0
2022-05-20 00:47:58,0.0
2022-05-20 00:47:59,0.0
2022-05-20 00:48:00,0.0
2022-05-20 00:48:01,16384.0
2022-05-20 00:48:02,49152.0
2022-05-20 00:48:03,0.0
2022-05-20 00:48:04,0.0
2022-05-20 00:48:05,0.0
2022-05-20 00:48:06,0.0
2022-05-20 00:48:07,24576.0
2022-05-20 00:48:08,0.0
2022-05-20 00:48:09,0.0
2022-05-20 00:48:10,0.0
2022-05-20 00:48:11,0.0
2022-05-20 00:48:12,0.0
2022-05-20 00:48:13,24576.0
2022-05-20 00:48:14,0.0
2022-05-20 00:48:15,0.0
2022-05-20 00:48:16,0.0
2022-05-20 00:48:17,0.0
2022-05-20 00:48:18,24576.0
2022-05-20 00:48:19,0.0
2022-05-20 00:48:20,0.0
2022-05-20 00:48:21,0.0
2022-05-20 00:48:22,0.0
2022-05-20 00:48:23,0.0
2022-05-20 00:48:24,24576.0
2022-05-20 00:48:25,0.0
2022-05-20 00:48:26,0.0
2022-05-20 00:48:27,0.0
2022-05-20 00:48:28,0.0
2022-05-20 00:48:29,24576.0
2022-05-20 00:48:30,0.0
2022-05-20 00:48:31,0.0
2022-05-20 00:48:32,16384.0
2022-05-20 00:48:33,0.0
2022-05-20 00:48:34,49152.0
2022-05-20 00:48:35,0.0
2022-05-20 00:48:36,0.0
2022-05-20 00:48:37,0.0
2022-05-20 00:48:38,0.0
2022-05-20 00:48:39,0.0
2022-05-20 00:48:40,24576.0
2022-05-20 00:48:41,0.0
2022-05-20 00:48:42,0.0
2022-05-20 00:48:43,0.0
2022-05-20 00:48:44,0.0
2022-05-20 00:48:45,0.0
2022-05-20 00:48:46,24576.0
2022-05-20 00:48:47,0.0
2022-05-20 00:48:48,0.0
2022-05-20 00:48:49,0.0
2022-05-20 00:48:50,0.0
2022-05-20 00:48:51,24576.0
2022-05-20 00:48:52,0.0
2022-05-20 00:48:53,0.0
2022-05-20 00:48:54,0.0
2022-05-20 00:48:55,0.0
2022-05-20 00:48:56,0.0
2022-05-20 00:48:57,24576.0
2022-05-20 00:48:58,0.0
2022-05-20 00:48:59,0.0
2022-05-20 00:49:00,0.0
2022-05-20 00:49:01,0.0
2022-05-20 00:49:02,24576.0
2022-05-20 00:49:03,8192.0
2022-05-20 00:49:04,0.0
2022-05-20 00:49:05,0.0
2022-05-20 00:49:06,0.0
2022-05-20 00:49:07,0.0
2022-05-20 00:49:08,49152.0
2022-05-20 00:49:09,0.0
2022-05-20 00:49:10,0.0
2022-05-20 00:49:11,0.0
2022-05-20 00:49:12,0.0
2022-05-20 00:49:13,24576.0
2022-05-20 00:49:14,0.0
2022-05-20 00:49:15,0.0
2022-05-20 00:49:16,0.0
2022-05-20 00:49:17,0.0
2022-05-20 00:49:18,24576.0
2022-05-20 00:49:19,0.0
2022-05-20 00:49:20,0.0
2022-05-20 00:49:21,0.0
2022-05-20 00:49:22,0.0
2022-05-20 00:49:23,24576.0
2022-05-20 00:49:24,0.0
2022-05-20 00:49:25,0.0
2022-05-20 00:49:26,0.0
2022-05-20 00:49:27,0.0
2022-05-20 00:49:28,0.0
2022-05-20 00:49:29,24576.0
2022-05-20 00:49:30,0.0
2022-05-20 00:49:31,0.0
2022-05-20 00:49:32,0.0
2022-05-20 00:49:33,0.0
2022-05-20 00:49:34,40960.0
2022-05-20 00:49:35,0.0
2022-05-20 00:49:36,0.0
2022-05-20 00:49:37,0.0
2022-05-20 00:49:38,0.0
2022-05-20 00:49:39,0.0
2022-05-20 00:49:40,49152.0
2022-05-20 00:49:41,0.0
2022-05-20 00:49:42,0.0
2022-05-20 00:49:43,0.0
2022-05-20 00:49:44,0.0
2022-05-20 00:49:45,24576.0
2022-05-20 00:49:46,0.0
2022-05-20 00:49:47,0.0
2022-05-20 00:49:48,0.0
2022-05-20 00:49:49,0.0
2022-05-20 00:49:50,24576.0
2022-05-20 00:49:51,0.0
2022-05-20 00:49:52,0.0
2022-05-20 00:49:53,0.0
2022-05-20 00:49:54,0.0
2022-05-20 00:49:55,49152.0
2022-05-20 00:49:56,0.0
2022-05-20 00:49:57,0.0
2022-05-20 00:49:58,0.0
2022-05-20 00:49:59,0.0
2022-05-20 00:50:00,24576.0
2022-05-20 00:50:01,0.0
2022-05-20 00:50:02,0.0
2022-05-20 00:50:03,0.0
2022-05-20 00:50:04,0.0
2022-05-20 00:50:05,16384.0
2022-05-20 00:50:06,49152.0
2022-05-20 00:50:07,0.0
2022-05-20 00:50:08,0.0
2022-05-20 00:50:09,0.0
2022-05-20 00:50:10,0.0
2022-05-20 00:50:11,24576.0
2022-05-20 00:50:12,0.0
2022-05-20 00:50:13,0.0
2022-05-20 00:50:14,0.0
2022-05-20 00:50:15,0.0
2022-05-20 00:50:16,24576.0
2022-05-20 00:50:17,0.0
2022-05-20 00:50:18,0.0
2022-05-20 00:50:19,0.0
2022-05-20 00:50:20,0.0
2022-05-20 00:50:21,24576.0
2022-05-20 00:50:22,0.0
2022-05-20 00:50:23,0.0
2022-05-20 00:50:24,0.0
2022-05-20 00:50:25,0.0
2022-05-20 00:50:26,0.0
2022-05-20 00:50:27,24576.0
2022-05-20 00:50:28,0.0
2022-05-20 00:50:29,0.0
2022-05-20 00:50:30,24576.0
2022-05-20 00:50:31,0.0
2022-05-20 00:50:32,24576.0
2022-05-20 00:50:33,0.0
2022-05-20 00:50:34,0.0
2022-05-20 00:50:35,0.0
2022-05-20 00:50:36,16384.0
2022-05-20 00:50:37,0.0
2022-05-20 00:50:38,49152.0
2022-05-20 00:50:39,0.0
2022-05-20 00:50:40,0.0
2022-05-20 00:50:41,0.0
2022-05-20 00:50:42,0.0
2022-05-20 00:50:43,24576.0
2022-05-20 00:50:44,0.0
2022-05-20 00:50:45,0.0
2022-05-20 00:50:46,0.0
2022-05-20 00:50:47,0.0
2022-05-20 00:50:48,0.0
2022-05-20 00:50:49,24576.0
2022-05-20 00:50:50,0.0
2022-05-20 00:50:51,0.0
2022-05-20 00:50:52,0.0
2022-05-20 00:50:53,0.0
2022-05-20 00:50:54,24576.0
2022-05-20 00:50:55,0.0
2022-05-20 00:50:56,0.0
2022-05-20 00:50:57,0.0
2022-05-20 00:50:58,0.0
2022-05-20 00:50:59,0.0
2022-05-20 00:51:00,24576.0
2022-05-20 00:51:01,0.0
2022-05-20 00:51:02,0.0
2022-05-20 00:51:03,0.0
2022-05-20 00:51:04,0.0
2022-05-20 00:51:05,24576.0
2022-05-20 00:51:06,24576.0
2022-05-20 00:51:07,0.0
2022-05-20 00:51:08,0.0
2022-05-20 00:51:09,0.0
2022-05-20 00:51:10,24576.0
2022-05-20 00:51:11,8192.0
2022-05-20 00:51:12,0.0
2022-05-20 00:51:13,0.0
2022-05-20 00:51:14,0.0
2022-05-20 00:51:15,24576.0
2022-05-20 00:51:16,0.0
2022-05-20 00:51:17,0.0
2022-05-20 00:51:18,0.0
2022-05-20 00:51:19,0.0
2022-05-20 00:51:20,24576.0
2022-05-20 00:51:21,0.0
2022-05-20 00:51:22,0.0
2022-05-20 00:51:23,0.0
2022-05-20 00:51:24,0.0
2022-05-20 00:51:25,0.0
2022-05-20 00:51:26,24576.0
2022-05-20 00:51:27,0.0
2022-05-20 00:51:28,0.0
2022-05-20 00:51:29,0.0
2022-05-20 00:51:30,0.0
2022-05-20 00:51:31,24576.0
2022-05-20 00:51:32,0.0
2022-05-20 00:51:33,0.0
2022-05-20 00:51:34,0.0
2022-05-20 00:51:35,0.0
2022-05-20 00:51:36,24576.0
2022-05-20 00:51:37,0.0
2022-05-20 00:51:38,0.0
2022-05-20 00:51:39,0.0
2022-05-20 00:51:40,0.0
2022-05-20 00:51:41,24576.0
2022-05-20 00:51:42,16384.0
2022-05-20 00:51:43,0.0
2022-05-20 00:51:44,0.0
2022-05-20 00:51:45,0.0
2022-05-20 00:51:46,49152.0
2022-05-20 00:51:47,0.0
2022-05-20 00:51:48,0.0
2022-05-20 00:51:49,0.0
2022-05-20 00:51:50,0.0
2022-05-20 00:51:51,0.0
2022-05-20 00:51:52,24576.0
2022-05-20 00:51:53,24576.0
2022-05-20 00:51:54,0.0
2022-05-20 00:51:55,0.0
2022-05-20 00:51:56,0.0
2022-05-20 00:51:57,24576.0
2022-05-20 00:51:58,0.0
2022-05-20 00:51:59,0.0
2022-05-20 00:52:00,0.0
2022-05-20 00:52:01,0.0
2022-05-20 00:52:02,24576.0
2022-05-20 00:52:03,0.0
2022-05-20 00:52:04,0.0
2022-05-20 00:52:05,0.0
2022-05-20 00:52:06,0.0
2022-05-20 00:52:07,24576.0
2022-05-20 00:52:08,0.0
2022-05-20 00:52:09,0.0
2022-05-20 00:52:10,0.0
2022-05-20 00:52:11,0.0
2022-05-20 00:52:12,0.0
2022-05-20 00:52:13,40960.0
2022-05-20 00:52:14,81920.0
2022-05-20 00:52:15,0.0
2022-05-20 00:52:16,0.0
2022-05-20 00:52:17,0.0
2022-05-20 00:52:18,0.0
2022-05-20 00:52:19,0.0
2022-05-20 00:52:20,32768.0
2022-05-20 00:52:21,0.0
2022-05-20 00:52:22,0.0
2022-05-20 00:52:23,0.0
2022-05-20 00:52:24,0.0
2022-05-20 00:52:25,24576.0
2022-05-20 00:52:26,0.0
2022-05-20 00:52:27,0.0
2022-05-20 00:52:28,0.0
2022-05-20 00:52:29,0.0
2022-05-20 00:52:30,24576.0
2022-05-20 00:52:31,0.0
2022-05-20 00:52:32,0.0
2022-05-20 00:52:33,0.0
2022-05-20 00:52:34,0.0
2022-05-20 00:52:35,24576.0
2022-05-20 00:52:36,0.0
2022-05-20 00:52:37,0.0
2022-05-20 00:52:38,0.0
2022-05-20 00:52:39,49152.0
2022-05-20 00:52:40,0.0
2022-05-20 00:52:41,24576.0
2022-05-20 00:52:42,0.0
2022-05-20 00:52:43,0.0
2022-05-20 00:52:44,16384.0
2022-05-20 00:52:45,0.0
2022-05-20 00:52:46,0.0
2022-05-20 00:52:47,49152.0
2022-05-20 00:52:48,0.0
2022-05-20 00:52:49,32768.0
2022-05-20 00:52:50,0.0
2022-05-20 00:52:51,0.0
2022-05-20 00:52:52,0.0
2022-05-20 00:52:53,90112.0
2022-05-20 00:52:54,0.0
2022-05-20 00:52:55,0.0
2022-05-20 00:52:56,0.0
2022-05-20 00:52:57,0.0
2022-05-20 00:52:58,24576.0
2022-05-20 00:52:59,0.0
2022-05-20 00:53:00,0.0
2022-05-20 00:53:01,0.0
2022-05-20 00:53:02,0.0
2022-05-20 00:53:03,0.0
2022-05-20 00:53:04,73728.0
2022-05-20 00:53:05,0.0
2022-05-20 00:53:06,0.0
2022-05-20 00:53:07,0.0
2022-05-20 00:53:08,0.0
2022-05-20 00:53:09,24576.0
2022-05-20 00:53:10,0.0
2022-05-20 00:53:11,0.0
2022-05-20 00:53:12,0.0
2022-05-20 00:53:13,0.0
2022-05-20 00:53:14,147456.0
2022-05-20 00:53:15,0.0
2022-05-20 00:53:16,0.0
2022-05-20 00:53:17,0.0
2022-05-20 00:53:18,0.0
2022-05-20 00:53:19,0.0
2022-05-20 00:53:20,32768.0
2022-05-20 00:53:21,0.0
2022-05-20 00:53:22,0.0
2022-05-20 00:53:23,0.0
2022-05-20 00:53:24,0.0
2022-05-20 00:53:25,24576.0
2022-05-20 00:53:26,0.0
2022-05-20 00:53:27,0.0
2022-05-20 00:53:28,0.0
2022-05-20 00:53:29,0.0
2022-05-20 00:53:30,24576.0
2022-05-20 00:53:31,0.0
2022-05-20 00:53:32,0.0
2022-05-20 00:53:33,0.0
2022-05-20 00:53:34,0.0
2022-05-20 00:53:35,40960.0
2022-05-20 00:53:36,0.0
2022-05-20 00:53:37,0.0
2022-05-20 00:53:38,0.0
2022-05-20 00:53:39,0.0
2022-05-20 00:53:40,24576.0
2022-05-20 00:53:41,0.0
2022-05-20 00:53:42,0.0
2022-05-20 00:53:43,0.0
2022-05-20 00:53:44,0.0
2022-05-20 00:53:45,24576.0
2022-05-20 00:53:46,0.0
2022-05-20 00:53:47,0.0
2022-05-20 00:53:48,0.0
2022-05-20 00:53:49,0.0
2022-05-20 00:53:50,0.0
2022-05-20 00:53:51,24576.0
2022-05-20 00:53:52,0.0
2022-05-20 00:53:53,0.0
2022-05-20 00:53:54,0.0
2022-05-20 00:53:55,16384.0
2022-05-20 00:53:56,49152.0
2022-05-20 00:53:57,0.0
2022-05-20 00:53:58,0.0
2022-05-20 00:53:59,0.0
2022-05-20 00:54:00,0.0
2022-05-20 00:54:01,24576.0
2022-05-20 00:54:02,0.0
2022-05-20 00:54:03,0.0
2022-05-20 00:54:04,0.0
2022-05-20 00:54:05,0.0
2022-05-20 00:54:06,24576.0
2022-05-20 00:54:07,0.0
2022-05-20 00:54:08,0.0
2022-05-20 00:54:09,0.0
2022-05-20 00:54:10,0.0
2022-05-20 00:54:11,0.0
2022-05-20 00:54:12,24576.0
2022-05-20 00:54:13,0.0
2022-05-20 00:54:14,0.0
2022-05-20 00:54:15,0.0
2022-05-20 00:54:16,24576.0
2022-05-20 00:54:17,24576.0
2022-05-20 00:54:18,0.0
2022-05-20 00:54:19,0.0
2022-05-20 00:54:20,0.0
2022-05-20 00:54:21,0.0
2022-05-20 00:54:22,24576.0
2022-05-20 00:54:23,0.0
2022-05-20 00:54:24,0.0
2022-05-20 00:54:25,0.0
2022-05-20 00:54:26,16384.0
2022-05-20 00:54:27,0.0
2022-05-20 00:54:28,49152.0
2022-05-20 00:54:29,0.0
2022-05-20 00:54:30,0.0
2022-05-20 00:54:31,0.0
2022-05-20 00:54:32,0.0
2022-05-20 00:54:33,24576.0
2022-05-20 00:54:34,0.0
2022-05-20 00:54:35,0.0
2022-05-20 00:54:36,0.0
2022-05-20 00:54:37,0.0
2022-05-20 00:54:38,24576.0
2022-05-20 00:54:39,0.0
2022-05-20 00:54:40,0.0
2022-05-20 00:54:41,0.0
2022-05-20 00:54:42,0.0
2022-05-20 00:54:43,24576.0
2022-05-20 00:54:44,0.0
2022-05-20 00:54:45,0.0
2022-05-20 00:54:46,0.0
2022-05-20 00:54:47,0.0
2022-05-20 00:54:48,0.0
2022-05-20 00:54:49,24576.0
2022-05-20 00:54:50,0.0
2022-05-20 00:54:51,0.0
2022-05-20 00:54:52,0.0
2022-05-20 00:54:53,0.0
2022-05-20 00:54:54,24576.0
2022-05-20 00:54:55,0.0
2022-05-20 00:54:56,0.0
2022-05-20 00:54:57,40960.0
2022-05-20 00:54:58,0.0
2022-05-20 00:54:59,49152.0
2022-05-20 00:55:00,0.0
2022-05-20 00:55:01,0.0
2022-05-20 00:55:02,0.0
2022-05-20 00:55:03,0.0
2022-05-20 00:55:04,24576.0
2022-05-20 00:55:05,0.0
2022-05-20 00:55:06,0.0
2022-05-20 00:55:07,0.0
2022-05-20 00:55:08,0.0
2022-05-20 00:55:09,0.0
2022-05-20 00:55:10,24576.0
2022-05-20 00:55:11,0.0
2022-05-20 00:55:12,0.0
2022-05-20 00:55:13,0.0
2022-05-20 00:55:14,0.0
2022-05-20 00:55:15,24576.0
2022-05-20 00:55:16,0.0
2022-05-20 00:55:17,0.0
2022-05-20 00:55:18,0.0
2022-05-20 00:55:19,0.0
2022-05-20 00:55:20,0.0
2022-05-20 00:55:21,24576.0
2022-05-20 00:55:22,0.0
2022-05-20 00:55:23,0.0
2022-05-20 00:55:24,0.0
2022-05-20 00:55:25,0.0
2022-05-20 00:55:26,24576.0
2022-05-20 00:55:27,0.0
2022-05-20 00:55:28,16384.0
2022-05-20 00:55:29,0.0
2022-05-20 00:55:30,0.0
2022-05-20 00:55:31,0.0
2022-05-20 00:55:32,49152.0
2022-05-20 00:55:33,24576.0
2022-05-20 00:55:34,0.0
2022-05-20 00:55:35,0.0
2022-05-20 00:55:36,0.0
2022-05-20 00:55:37,24576.0
2022-05-20 00:55:38,0.0
2022-05-20 00:55:39,0.0
2022-05-20 00:55:40,0.0
2022-05-20 00:55:41,0.0
2022-05-20 00:55:42,24576.0
2022-05-20 00:55:43,0.0
2022-05-20 00:55:44,0.0
2022-05-20 00:55:45,0.0
2022-05-20 00:55:46,0.0
2022-05-20 00:55:47,0.0
2022-05-20 00:55:48,24576.0
2022-05-20 00:55:49,0.0
2022-05-20 00:55:50,0.0
2022-05-20 00:55:51,0.0
2022-05-20 00:55:52,0.0
2022-05-20 00:55:53,24576.0
2022-05-20 00:55:54,0.0
2022-05-20 00:55:55,0.0
2022-05-20 00:55:56,0.0
2022-05-20 00:55:57,0.0
2022-05-20 00:55:58,24576.0
2022-05-20 00:55:59,8192.0
2022-05-20 00:56:00,0.0
2022-05-20 00:56:01,0.0
2022-05-20 00:56:02,0.0
2022-05-20 00:56:03,0.0
2022-05-20 00:56:04,24576.0
2022-05-20 00:56:05,0.0
2022-05-20 00:56:06,0.0
2022-05-20 00:56:07,0.0
2022-05-20 00:56:08,0.0
2022-05-20 00:56:09,24576.0
2022-05-20 00:56:10,0.0
2022-05-20 00:56:11,0.0
2022-05-20 00:56:12,0.0
2022-05-20 00:56:13,0.0
2022-05-20 00:56:14,0.0
2022-05-20 00:56:15,32768.0
2022-05-20 00:56:16,0.0
2022-05-20 00:56:17,0.0
2022-05-20 00:56:18,0.0
2022-05-20 00:56:19,0.0
2022-05-20 00:56:20,24576.0
2022-05-20 00:56:21,0.0
2022-05-20 00:56:22,0.0
2022-05-20 00:56:23,0.0
2022-05-20 00:56:24,0.0
2022-05-20 00:56:25,24576.0
2022-05-20 00:56:26,0.0
2022-05-20 00:56:27,0.0
2022-05-20 00:56:28,0.0
2022-05-20 00:56:29,0.0
2022-05-20 00:56:30,16384.0
2022-05-20 00:56:31,49152.0
2022-05-20 00:56:32,0.0
2022-05-20 00:56:33,0.0
2022-05-20 00:56:34,0.0
2022-05-20 00:56:35,0.0
2022-05-20 00:56:36,24576.0
2022-05-20 00:56:37,0.0
2022-05-20 00:56:38,0.0
2022-05-20 00:56:39,0.0
2022-05-20 00:56:40,0.0
2022-05-20 00:56:41,16384.0
2022-05-20 00:56:42,24576.0
2022-05-20 00:56:43,0.0
2022-05-20 00:56:44,0.0
2022-05-20 00:56:45,40960.0
2022-05-20 00:56:46,0.0
2022-05-20 00:56:47,0.0
2022-05-20 00:56:48,24576.0
2022-05-20 00:56:49,0.0
2022-05-20 00:56:50,0.0
2022-05-20 00:56:51,0.0
2022-05-20 00:56:52,0.0
2022-05-20 00:56:53,24576.0
2022-05-20 00:56:54,0.0
2022-05-20 00:56:55,0.0
2022-05-20 00:56:56,0.0
2022-05-20 00:56:57,0.0
2022-05-20 00:56:58,24576.0
2022-05-20 00:56:59,0.0
2022-05-20 00:57:00,0.0
2022-05-20 00:57:01,0.0
2022-05-20 00:57:02,0.0
2022-05-20 00:57:03,0.0
2022-05-20 00:57:04,24576.0
2022-05-20 00:57:05,16384.0
2022-05-20 00:57:06,0.0
2022-05-20 00:57:07,0.0
2022-05-20 00:57:08,0.0
2022-05-20 00:57:09,0.0
2022-05-20 00:57:10,49152.0
2022-05-20 00:57:11,0.0
2022-05-20 00:57:12,0.0
2022-05-20 00:57:13,0.0
2022-05-20 00:57:14,0.0
2022-05-20 00:57:15,24576.0
2022-05-20 00:57:16,0.0
2022-05-20 00:57:17,0.0
2022-05-20 00:57:18,0.0
2022-05-20 00:57:19,0.0
2022-05-20 00:57:20,0.0
2022-05-20 00:57:21,24576.0
2022-05-20 00:57:22,0.0
2022-05-20 00:57:23,0.0
2022-05-20 00:57:24,0.0
2022-05-20 00:57:25,0.0
2022-05-20 00:57:26,24576.0
2022-05-20 00:57:27,0.0
2022-05-20 00:57:28,0.0
